Nro.;Case de Prueba;originAccountId;destinationAccountId;amount;tipAmount;type;description;detail;operationReferenceId;externalReferenceId;suppliedId;externalId;operationId;originId;destinationId;status;createdUser;currencyType;destinationContract;originContract;destinationDocumentType;originDocumentType;destinationDocumentNumber;originDocumentNumber;destinationPhoneNumber;originPhoneNumber;destinationCustomerName;originCustomerName;originDeviceId;destinationDeviceId;codigo;codbody;rtoken
1;Registrar operation Exitoso - resultado 201;0e8400-e29b-41d4-a716-446655440001;0e8400-e29b-41d4-a716-446655440002;100;20;1;Operación p2p en proceso;Pago por el almuerzo;0e8400-e29b-41d4-a716-446655440000;0e8400-e29b-41d4-a716-446655440000;1.23E+11;9.88E+11;0e8400-e29b-41d4-a716-446655440000;0e8400-e29b-41d4-a716-446655440000;0e8400-e29b-41d4-a716-446655440000;1;984280280;PEN;984280280;984280281;1;1;44248188;44248188;984280280;984280281;Ricardo Gareca;Juan Roman Riquelme;0e8400-e29b-41d4-a716-446655440000;0e8400-e29b-41d4-a716-446655440012;201;;
2;Registrar operation con originAccountId en blanco - resultado 400;;0e8400-e29b-41d4-a716-446655440002;100;20;1;Operación p2p en proceso;Pago por el almuerzo;0e8400-e29b-41d4-a716-446655440000;0e8400-e29b-41d4-a716-446655440000;1.23E+11;9.88E+11;0e8400-e29b-41d4-a716-446655440000;0e8400-e29b-41d4-a716-446655440000;0e8400-e29b-41d4-a716-446655440000;1;984280280;PEN;984280280;984280281;1;1;44248188;44248188;984280280;984280281;Ricardo Gareca;Juan Roman Riquelme;0e8400-e29b-41d4-a716-446655440000;0e8400-e29b-41d4-a716-446655440012;400;GEN_ALL_01;
3;Registrar operation con originAccountId Menor a la cantidad de caracteres permitidos (1) - resultado 400;g;0e8400-e29b-41d4-a716-446655440002;100;20;1;Operación p2p en proceso;Pago por el almuerzo;0e8400-e29b-41d4-a716-446655440000;0e8400-e29b-41d4-a716-446655440000;1.23E+11;9.88E+11;0e8400-e29b-41d4-a716-446655440000;0e8400-e29b-41d4-a716-446655440000;0e8400-e29b-41d4-a716-446655440000;1;984280280;PEN;984280280;984280281;1;1;44248188;44248188;984280280;984280281;Ricardo Gareca;Juan Roman Riquelme;0e8400-e29b-41d4-a716-446655440000;0e8400-e29b-41d4-a716-446655440012;400;GEN_ALL_01;
4;Registrar operation con originAccountId Mayor a la cantidad de caracteres permitidos (301) - resultado 400;0e8400-e29b-41d4-a716-4466554400010e8400-e29b-41d4-a716-446655440001de0e8400-e29b-41d4-a716-4466554400010e8400-e29b-41d4-a716-446655440001de0e8400-e29b-41d4-a716-4466554400010e8400-e29b-41d4-a716-446655440001de0e8400-e29b-41d4-a716-4466554400010e8400-e29b-41d4-a716-446655440001dedertyuiopjhretyu3dr5t;0e8400-e29b-41d4-a716-446655440002;100;20;1;Operación p2p en proceso;Pago por el almuerzo;0e8400-e29b-41d4-a716-446655440000;0e8400-e29b-41d4-a716-446655440000;1.23E+11;9.88E+11;0e8400-e29b-41d4-a716-446655440000;0e8400-e29b-41d4-a716-446655440000;0e8400-e29b-41d4-a716-446655440000;1;984280280;PEN;984280280;984280281;1;1;44248188;44248188;984280280;984280281;Ricardo Gareca;Juan Roman Riquelme;0e8400-e29b-41d4-a716-446655440000;0e8400-e29b-41d4-a716-446655440012;400;GEN_ALL_01;
5;Registrar operation con originAccountId Caracteres especiales (Extraños) - resultado 400;*#&#+&*###&&&;0e8400-e29b-41d4-a716-446655440002;100;20;1;Operación p2p en proceso;Pago por el almuerzo;0e8400-e29b-41d4-a716-446655440000;0e8400-e29b-41d4-a716-446655440000;1.23E+11;9.88E+11;0e8400-e29b-41d4-a716-446655440000;0e8400-e29b-41d4-a716-446655440000;0e8400-e29b-41d4-a716-446655440000;1;984280280;PEN;984280280;984280281;1;1;44248188;44248188;984280280;984280281;Ricardo Gareca;Juan Roman Riquelme;0e8400-e29b-41d4-a716-446655440000;0e8400-e29b-41d4-a716-446655440012;400;GEN_ALL_01;
6;Registrar operation con originAccountId Incorrecto - resultado 400;12e6d;0e8400-e29b-41d4-a716-446655440002;100;20;1;Operación p2p en proceso;Pago por el almuerzo;0e8400-e29b-41d4-a716-446655440000;0e8400-e29b-41d4-a716-446655440000;1.23E+11;9.88E+11;0e8400-e29b-41d4-a716-446655440000;0e8400-e29b-41d4-a716-446655440000;0e8400-e29b-41d4-a716-446655440000;1;984280280;PEN;984280280;984280281;1;1;44248188;44248188;984280280;984280281;Ricardo Gareca;Juan Roman Riquelme;0e8400-e29b-41d4-a716-446655440000;0e8400-e29b-41d4-a716-446655440012;400;GEN_ALL_01;
7;Registrar operation con destinationAccountId en blanco - resultado 400;0e8400-e29b-41d4-a716-446655440001;;100;20;1;Operación p2p en proceso;Pago por el almuerzo;0e8400-e29b-41d4-a716-446655440000;0e8400-e29b-41d4-a716-446655440000;1.23E+11;9.88E+11;0e8400-e29b-41d4-a716-446655440000;0e8400-e29b-41d4-a716-446655440000;0e8400-e29b-41d4-a716-446655440000;1;984280280;PEN;984280280;984280281;1;1;44248188;44248188;984280280;984280281;Ricardo Gareca;Juan Roman Riquelme;0e8400-e29b-41d4-a716-446655440000;0e8400-e29b-41d4-a716-446655440012;400;GEN_ALL_01;
8;Registrar operation con destinationAccountId  Menor a la cantidad de caracteres permitidos (2) - resultado 400;0e8400-e29b-41d4-a716-446655440001;f;100;20;1;Operación p2p en proceso;Pago por el almuerzo;0e8400-e29b-41d4-a716-446655440000;0e8400-e29b-41d4-a716-446655440000;1.23E+11;9.88E+11;0e8400-e29b-41d4-a716-446655440000;0e8400-e29b-41d4-a716-446655440000;0e8400-e29b-41d4-a716-446655440000;1;984280280;PEN;984280280;984280281;1;1;44248188;44248188;984280280;984280281;Ricardo Gareca;Juan Roman Riquelme;0e8400-e29b-41d4-a716-446655440000;0e8400-e29b-41d4-a716-446655440012;400;GEN_ALL_01;
9;Registrar operation con destinationAccountId  Mayor a la cantidad de caracteres permitidos (4) - resultado 400;0e8400-e29b-41d4-a716-446655440001;0e8400-e29b-41d4-a716-4466554400010e8400-e29b-41d4-a716-446655440001de0e8400-e29b-41d4-a716-4466554400010e8400-e29b-41d4-a716-446655440001de0e8400-e29b-41d4-a716-4466554400010e8400-e29b-41d4-a716-446655440001de0e8400-e29b-41d4-a716-4466554400010e8400-e29b-41d4-a716-446655440001dedertyuiopjhretyu3dr5t;100;20;1;Operación p2p en proceso;Pago por el almuerzo;0e8400-e29b-41d4-a716-446655440000;0e8400-e29b-41d4-a716-446655440000;1.23E+11;9.88E+11;0e8400-e29b-41d4-a716-446655440000;0e8400-e29b-41d4-a716-446655440000;0e8400-e29b-41d4-a716-446655440000;1;984280280;PEN;984280280;984280281;1;1;44248188;44248188;984280280;984280281;Ricardo Gareca;Juan Roman Riquelme;0e8400-e29b-41d4-a716-446655440000;0e8400-e29b-41d4-a716-446655440012;400;GEN_ALL_01;
10;Registrar operation con destinationAccountId  Caracteres especiales (Extraños) - resultado 400;0e8400-e29b-41d4-a716-446655440001;*#&$+**#$&&;100;20;1;Operación p2p en proceso;Pago por el almuerzo;0e8400-e29b-41d4-a716-446655440000;0e8400-e29b-41d4-a716-446655440000;1.23E+11;9.88E+11;0e8400-e29b-41d4-a716-446655440000;0e8400-e29b-41d4-a716-446655440000;0e8400-e29b-41d4-a716-446655440000;1;984280280;PEN;984280280;984280281;1;1;44248188;44248188;984280280;984280281;Ricardo Gareca;Juan Roman Riquelme;0e8400-e29b-41d4-a716-446655440000;0e8400-e29b-41d4-a716-446655440012;400;GEN_ALL_01;
11;Registrar operation con destinationAccountId Incorrecto - resultado 400;0e8400-e29b-41d4-a716-446655440001;5r444;100;20;1;Operación p2p en proceso;Pago por el almuerzo;0e8400-e29b-41d4-a716-446655440000;0e8400-e29b-41d4-a716-446655440000;1.23E+11;9.88E+11;0e8400-e29b-41d4-a716-446655440000;0e8400-e29b-41d4-a716-446655440000;0e8400-e29b-41d4-a716-446655440000;1;984280280;PEN;984280280;984280281;1;1;44248188;44248188;984280280;984280281;Ricardo Gareca;Juan Roman Riquelme;0e8400-e29b-41d4-a716-446655440000;0e8400-e29b-41d4-a716-446655440012;400;GEN_ALL_01;
12;Registrar operation con amount en blanco - resultado 400;0e8400-e29b-41d4-a716-446655440001;0e8400-e29b-41d4-a716-446655440002;;20;1;Operación p2p en proceso;Pago por el almuerzo;0e8400-e29b-41d4-a716-446655440000;0e8400-e29b-41d4-a716-446655440000;1.23E+11;9.88E+11;0e8400-e29b-41d4-a716-446655440000;0e8400-e29b-41d4-a716-446655440000;0e8400-e29b-41d4-a716-446655440000;1;984280280;PEN;984280280;984280281;1;1;44248188;44248188;984280280;984280281;Ricardo Gareca;Juan Roman Riquelme;0e8400-e29b-41d4-a716-446655440000;0e8400-e29b-41d4-a716-446655440012;400;GEN_ALL_01;
13;Registrar operation con amount Menor a la cantidad de caracteres permitidos (2) - resultado 400;0e8400-e29b-41d4-a716-446655440001;0e8400-e29b-41d4-a716-446655440002;0;20;1;Operación p2p en proceso;Pago por el almuerzo;0e8400-e29b-41d4-a716-446655440000;0e8400-e29b-41d4-a716-446655440000;1.23E+11;9.88E+11;0e8400-e29b-41d4-a716-446655440000;0e8400-e29b-41d4-a716-446655440000;0e8400-e29b-41d4-a716-446655440000;1;984280280;PEN;984280280;984280281;1;1;44248188;44248188;984280280;984280281;Ricardo Gareca;Juan Roman Riquelme;0e8400-e29b-41d4-a716-446655440000;0e8400-e29b-41d4-a716-446655440012;400;GEN_ALL_01;
14;Registrar operation con amount Mayor a la cantidad de caracteres permitidos (4) - resultado 400;0e8400-e29b-41d4-a716-446655440001;0e8400-e29b-41d4-a716-446655440002;9999.99;20;1;Operación p2p en proceso;Pago por el almuerzo;0e8400-e29b-41d4-a716-446655440000;0e8400-e29b-41d4-a716-446655440000;1.23E+11;9.88E+11;0e8400-e29b-41d4-a716-446655440000;0e8400-e29b-41d4-a716-446655440000;0e8400-e29b-41d4-a716-446655440000;1;984280280;PEN;984280280;984280281;1;1;44248188;44248188;984280280;984280281;Ricardo Gareca;Juan Roman Riquelme;0e8400-e29b-41d4-a716-446655440000;0e8400-e29b-41d4-a716-446655440012;400;GEN_ALL_01;
15;Registrar operation con amount Caracteres especiales (Extraños) - resultado 400;0e8400-e29b-41d4-a716-446655440001;0e8400-e29b-41d4-a716-446655440002;#&*;20;1;Operación p2p en proceso;Pago por el almuerzo;0e8400-e29b-41d4-a716-446655440000;0e8400-e29b-41d4-a716-446655440000;1.23E+11;9.88E+11;0e8400-e29b-41d4-a716-446655440000;0e8400-e29b-41d4-a716-446655440000;0e8400-e29b-41d4-a716-446655440000;1;984280280;PEN;984280280;984280281;1;1;44248188;44248188;984280280;984280281;Ricardo Gareca;Juan Roman Riquelme;0e8400-e29b-41d4-a716-446655440000;0e8400-e29b-41d4-a716-446655440012;400;GEN_ALL_01;
16;Registrar operation con amount incorrecto - resultado 403;0e8400-e29b-41d4-a716-446655440001;0e8400-e29b-41d4-a716-446655440002;0.r;20;1;Operación p2p en proceso;Pago por el almuerzo;0e8400-e29b-41d4-a716-446655440000;0e8400-e29b-41d4-a716-446655440000;1.23E+11;9.88E+11;0e8400-e29b-41d4-a716-446655440000;0e8400-e29b-41d4-a716-446655440000;0e8400-e29b-41d4-a716-446655440000;1;984280280;PEN;984280280;984280281;1;1;44248188;44248188;984280280;984280281;Ricardo Gareca;Juan Roman Riquelme;0e8400-e29b-41d4-a716-446655440000;0e8400-e29b-41d4-a716-446655440012;400;GEN_ALL_01;
17;Registrar operation con tipAmount en blanco - resultado 400;0e8400-e29b-41d4-a716-446655440001;0e8400-e29b-41d4-a716-446655440002;100;;1;Operación p2p en proceso;Pago por el almuerzo;0e8400-e29b-41d4-a716-446655440000;0e8400-e29b-41d4-a716-446655440000;1.23E+11;9.88E+11;0e8400-e29b-41d4-a716-446655440000;0e8400-e29b-41d4-a716-446655440000;0e8400-e29b-41d4-a716-446655440000;1;984280280;PEN;984280280;984280281;1;1;44248188;44248188;984280280;984280281;Ricardo Gareca;Juan Roman Riquelme;0e8400-e29b-41d4-a716-446655440000;0e8400-e29b-41d4-a716-446655440012;400;GEN_ALL_01;
18;Registrar operation con tipAmount Menor a la cantidad de caracteres permitidos (1) - resultado 400;0e8400-e29b-41d4-a716-446655440001;0e8400-e29b-41d4-a716-446655440002;100;0;1;Operación p2p en proceso;Pago por el almuerzo;0e8400-e29b-41d4-a716-446655440000;0e8400-e29b-41d4-a716-446655440000;1.23E+11;9.88E+11;0e8400-e29b-41d4-a716-446655440000;0e8400-e29b-41d4-a716-446655440000;0e8400-e29b-41d4-a716-446655440000;1;984280280;PEN;984280280;984280281;1;1;44248188;44248188;984280280;984280281;Ricardo Gareca;Juan Roman Riquelme;0e8400-e29b-41d4-a716-446655440000;0e8400-e29b-41d4-a716-446655440012;400;GEN_ALL_01;
19;Registrar operation con tipAmount Mayor a la cantidad de caracteres permitidos (301) - resultado 400;0e8400-e29b-41d4-a716-446655440001;0e8400-e29b-41d4-a716-446655440002;100;999;1;Operación p2p en proceso;Pago por el almuerzo;0e8400-e29b-41d4-a716-446655440000;0e8400-e29b-41d4-a716-446655440000;1.23E+11;9.88E+11;0e8400-e29b-41d4-a716-446655440000;0e8400-e29b-41d4-a716-446655440000;0e8400-e29b-41d4-a716-446655440000;1;984280280;PEN;984280280;984280281;1;1;44248188;44248188;984280280;984280281;Ricardo Gareca;Juan Roman Riquelme;0e8400-e29b-41d4-a716-446655440000;0e8400-e29b-41d4-a716-446655440012;400;GEN_ALL_01;
20;Registrar operation con tipAmount Caracteres especiales (Extraños) - resultado 400;0e8400-e29b-41d4-a716-446655440001;0e8400-e29b-41d4-a716-446655440002;100;##*;1;Operación p2p en proceso;Pago por el almuerzo;0e8400-e29b-41d4-a716-446655440000;0e8400-e29b-41d4-a716-446655440000;1.23E+11;9.88E+11;0e8400-e29b-41d4-a716-446655440000;0e8400-e29b-41d4-a716-446655440000;0e8400-e29b-41d4-a716-446655440000;1;984280280;PEN;984280280;984280281;1;1;44248188;44248188;984280280;984280281;Ricardo Gareca;Juan Roman Riquelme;0e8400-e29b-41d4-a716-446655440000;0e8400-e29b-41d4-a716-446655440012;400;GEN_ALL_01;
21;Registrar operation con tipAmount Incorrecto - resultado 400;0e8400-e29b-41d4-a716-446655440001;0e8400-e29b-41d4-a716-446655440002;100;ft;1;Operación p2p en proceso;Pago por el almuerzo;0e8400-e29b-41d4-a716-446655440000;0e8400-e29b-41d4-a716-446655440000;1.23E+11;9.88E+11;0e8400-e29b-41d4-a716-446655440000;0e8400-e29b-41d4-a716-446655440000;0e8400-e29b-41d4-a716-446655440000;1;984280280;PEN;984280280;984280281;1;1;44248188;44248188;984280280;984280281;Ricardo Gareca;Juan Roman Riquelme;0e8400-e29b-41d4-a716-446655440000;0e8400-e29b-41d4-a716-446655440012;400;GEN_ALL_01;
22;Registrar operation con type en blanco - resultado 400;0e8400-e29b-41d4-a716-446655440001;0e8400-e29b-41d4-a716-446655440002;100;20;;Operación p2p en proceso;Pago por el almuerzo;0e8400-e29b-41d4-a716-446655440000;0e8400-e29b-41d4-a716-446655440000;1.23E+11;9.88E+11;0e8400-e29b-41d4-a716-446655440000;0e8400-e29b-41d4-a716-446655440000;0e8400-e29b-41d4-a716-446655440000;1;984280280;PEN;984280280;984280281;1;1;44248188;44248188;984280280;984280281;Ricardo Gareca;Juan Roman Riquelme;0e8400-e29b-41d4-a716-446655440000;0e8400-e29b-41d4-a716-446655440012;400;GEN_ALL_01;
23;Registrar operation con type Menor a la cantidad de caracteres permitidos (2) - resultado 400;0e8400-e29b-41d4-a716-446655440001;0e8400-e29b-41d4-a716-446655440002;100;20;0;Operación p2p en proceso;Pago por el almuerzo;0e8400-e29b-41d4-a716-446655440000;0e8400-e29b-41d4-a716-446655440000;1.23E+11;9.88E+11;0e8400-e29b-41d4-a716-446655440000;0e8400-e29b-41d4-a716-446655440000;0e8400-e29b-41d4-a716-446655440000;1;984280280;PEN;984280280;984280281;1;1;44248188;44248188;984280280;984280281;Ricardo Gareca;Juan Roman Riquelme;0e8400-e29b-41d4-a716-446655440000;0e8400-e29b-41d4-a716-446655440012;400;GEN_ALL_01;
24;Registrar operation con type Mayor a la cantidad de caracteres permitidos (4) - resultado 400;0e8400-e29b-41d4-a716-446655440001;0e8400-e29b-41d4-a716-446655440002;100;20;424;Operación p2p en proceso;Pago por el almuerzo;0e8400-e29b-41d4-a716-446655440000;0e8400-e29b-41d4-a716-446655440000;1.23E+11;9.88E+11;0e8400-e29b-41d4-a716-446655440000;0e8400-e29b-41d4-a716-446655440000;0e8400-e29b-41d4-a716-446655440000;1;984280280;PEN;984280280;984280281;1;1;44248188;44248188;984280280;984280281;Ricardo Gareca;Juan Roman Riquelme;0e8400-e29b-41d4-a716-446655440000;0e8400-e29b-41d4-a716-446655440012;400;GEN_ALL_01;
25;Registrar operation con type Caracteres especiales (Extraños) - resultado 400;0e8400-e29b-41d4-a716-446655440001;0e8400-e29b-41d4-a716-446655440002;100;20;#$;Operación p2p en proceso;Pago por el almuerzo;0e8400-e29b-41d4-a716-446655440000;0e8400-e29b-41d4-a716-446655440000;1.23E+11;9.88E+11;0e8400-e29b-41d4-a716-446655440000;0e8400-e29b-41d4-a716-446655440000;0e8400-e29b-41d4-a716-446655440000;1;984280280;PEN;984280280;984280281;1;1;44248188;44248188;984280280;984280281;Ricardo Gareca;Juan Roman Riquelme;0e8400-e29b-41d4-a716-446655440000;0e8400-e29b-41d4-a716-446655440012;400;GEN_ALL_01;
26;Registrar operation con type Incorrecto - resultado 400;0e8400-e29b-41d4-a716-446655440001;0e8400-e29b-41d4-a716-446655440002;100;20;f;Operación p2p en proceso;Pago por el almuerzo;0e8400-e29b-41d4-a716-446655440000;0e8400-e29b-41d4-a716-446655440000;1.23E+11;9.88E+11;0e8400-e29b-41d4-a716-446655440000;0e8400-e29b-41d4-a716-446655440000;0e8400-e29b-41d4-a716-446655440000;1;984280280;PEN;984280280;984280281;1;1;44248188;44248188;984280280;984280281;Ricardo Gareca;Juan Roman Riquelme;0e8400-e29b-41d4-a716-446655440000;0e8400-e29b-41d4-a716-446655440012;400;GEN_ALL_01;
27;Registrar operation con description en blanco - resultado 400;0e8400-e29b-41d4-a716-446655440001;0e8400-e29b-41d4-a716-446655440002;100;20;1;;Pago por el almuerzo;0e8400-e29b-41d4-a716-446655440000;0e8400-e29b-41d4-a716-446655440000;1.23E+11;9.88E+11;0e8400-e29b-41d4-a716-446655440000;0e8400-e29b-41d4-a716-446655440000;0e8400-e29b-41d4-a716-446655440000;1;984280280;PEN;984280280;984280281;1;1;44248188;44248188;984280280;984280281;Ricardo Gareca;Juan Roman Riquelme;0e8400-e29b-41d4-a716-446655440000;0e8400-e29b-41d4-a716-446655440012;400;GEN_ALL_01;
28;Registrar operation con description Menor a la cantidad de caracteres permitidos (2) - resultado 400;0e8400-e29b-41d4-a716-446655440001;0e8400-e29b-41d4-a716-446655440002;100;20;1;d;Pago por el almuerzo;0e8400-e29b-41d4-a716-446655440000;0e8400-e29b-41d4-a716-446655440000;1.23E+11;9.88E+11;0e8400-e29b-41d4-a716-446655440000;0e8400-e29b-41d4-a716-446655440000;0e8400-e29b-41d4-a716-446655440000;1;984280280;PEN;984280280;984280281;1;1;44248188;44248188;984280280;984280281;Ricardo Gareca;Juan Roman Riquelme;0e8400-e29b-41d4-a716-446655440000;0e8400-e29b-41d4-a716-446655440012;400;GEN_ALL_01;
29;Registrar operation con description Mayor a la cantidad de caracteres permitidos (4) - resultado 400;0e8400-e29b-41d4-a716-446655440001;0e8400-e29b-41d4-a716-446655440002;100;20;1;0e8400-e29b-41d4-a716-4466554400010e8400-e29b-41d4-a716-446655440001de0e8400-e29b-41d4-a716-4466554400010e8400-e29b-41d4-a716-446655440001de0e8400-e29b-41d4-a716-4466554400010e8400-e29b-41d4-a716-446655440001de0e8400-e29b-41d4-a716-4466554400010e8400-e29b-41d4-a716-446655440001dedertyuiopjhretyu3dr5t;Pago por el almuerzo;0e8400-e29b-41d4-a716-446655440000;0e8400-e29b-41d4-a716-446655440000;1.23E+11;9.88E+11;0e8400-e29b-41d4-a716-446655440000;0e8400-e29b-41d4-a716-446655440000;0e8400-e29b-41d4-a716-446655440000;1;984280280;PEN;984280280;984280281;1;1;44248188;44248188;984280280;984280281;Ricardo Gareca;Juan Roman Riquelme;0e8400-e29b-41d4-a716-446655440000;0e8400-e29b-41d4-a716-446655440012;400;GEN_ALL_01;
30;Registrar operation con description Caracteres especiales (Extraños) - resultado 400;0e8400-e29b-41d4-a716-446655440001;0e8400-e29b-41d4-a716-446655440002;100;20;1;#$&*$&*$##$$&&&;Pago por el almuerzo;0e8400-e29b-41d4-a716-446655440000;0e8400-e29b-41d4-a716-446655440000;1.23E+11;9.88E+11;0e8400-e29b-41d4-a716-446655440000;0e8400-e29b-41d4-a716-446655440000;0e8400-e29b-41d4-a716-446655440000;1;984280280;PEN;984280280;984280281;1;1;44248188;44248188;984280280;984280281;Ricardo Gareca;Juan Roman Riquelme;0e8400-e29b-41d4-a716-446655440000;0e8400-e29b-41d4-a716-446655440012;400;GEN_ALL_01;
31;Registrar operation con description incorrecto - resultado 403;0e8400-e29b-41d4-a716-446655440001;0e8400-e29b-41d4-a716-446655440002;100;20;1;Operación p2p en proceso;Pago por el almuerzo;0e8400-e29b-41d4-a716-446655440000;0e8400-e29b-41d4-a716-446655440000;1.23457E+11;9.88E+11;0e8400-e29b-41d4-a716-446655440000;0e8400-e29b-41d4-a716-446655440000;0e8400-e29b-41d4-a716-446655440000;1;984280280;PEN;984280280;984280281;1;1;44248188;44248188;984280280;984280281;Ricardo Gareca;Juan Roman Riquelme;0e8400-e29b-41d4-a716-446655440000;0e8400-e29b-41d4-a716-446655440012;400;GEN_ALL_01;
32;Registrar operation con detail en blanco - resultado 400;0e8400-e29b-41d4-a716-446655440001;0e8400-e29b-41d4-a716-446655440002;100;20;1;Operación p2p en proceso;Pago por el almuerzo;0e8400-e29b-41d4-a716-446655440000;0e8400-e29b-41d4-a716-446655440000;1.23457E+11;9.88E+11;0e8400-e29b-41d4-a716-446655440000;0e8400-e29b-41d4-a716-446655440000;0e8400-e29b-41d4-a716-446655440000;1;984280280;PEN;984280280;984280281;1;1;44248188;44248188;984280280;984280281;Ricardo Gareca;Juan Roman Riquelme;0e8400-e29b-41d4-a716-446655440000;0e8400-e29b-41d4-a716-446655440012;400;GEN_ALL_01;
33;Registrar operation con detail Menor a la cantidad de caracteres permitidos (1) - resultado 400;0e8400-e29b-41d4-a716-446655440001;0e8400-e29b-41d4-a716-446655440002;100;20;1;Operación p2p en proceso;Pago por el almuerzo;0e8400-e29b-41d4-a716-446655440000;0e8400-e29b-41d4-a716-446655440000;1.23E+11;9.88E+11;0e8400-e29b-41d4-a716-446655440000;0e8400-e29b-41d4-a716-446655440000;0e8400-e29b-41d4-a716-446655440000;1;984280280;PEN;984280280;984280281;1;1;44248188;44248188;984280280;984280281;Ricardo Gareca;Juan Roman Riquelme;0e8400-e29b-41d4-a716-446655440000;0e8400-e29b-41d4-a716-446655440012;400;GEN_ALL_01;
34;Registrar operation con detail Mayor a la cantidad de caracteres permitidos (301) - resultado 400;0e8400-e29b-41d4-a716-446655440001;0e8400-e29b-41d4-a716-446655440002;100;20;1;Operación p2p en proceso;Pago por el almuerzo;0e8400-e29b-41d4-a716-446655440000;0e8400-e29b-41d4-a716-446655440000;1.23E+11;9.88E+11;0e8400-e29b-41d4-a716-446655440000;0e8400-e29b-41d4-a716-446655440000;0e8400-e29b-41d4-a716-446655440000;1;984280280;PEN;984280280;984280281;1;1;44248188;44248188;984280280;984280281;Ricardo Gareca;Juan Roman Riquelme;0e8400-e29b-41d4-a716-446655440000;0e8400-e29b-41d4-a716-446655440012;400;GEN_ALL_01;
35;Registrar operation con detail Caracteres especiales (Extraños) - resultado 400;0e8400-e29b-41d4-a716-446655440001;0e8400-e29b-41d4-a716-446655440002;100;20;1;Operación p2p en proceso;Pago por el almuerzo;0e8400-e29b-41d4-a716-446655440000;0e8400-e29b-41d4-a716-446655440000;1.23E+11;9.88E+11;0e8400-e29b-41d4-a716-446655440000;0e8400-e29b-41d4-a716-446655440000;0e8400-e29b-41d4-a716-446655440000;1;984280280;PEN;984280280;984280281;1;1;44248188;44248188;984280280;984280281;Ricardo Gareca;Juan Roman Riquelme;0e8400-e29b-41d4-a716-446655440000;0e8400-e29b-41d4-a716-446655440012;400;GEN_ALL_01;
36;Registrar operation con detail Incorrecto - resultado 400;0e8400-e29b-41d4-a716-446655440001;0e8400-e29b-41d4-a716-446655440002;100;20;1;Operación p2p en proceso;Pago por el almuerzo;0e8400-e29b-41d4-a716-446655440000;0e8400-e29b-41d4-a716-446655440000;1.23E+11;9.88E+11;0e8400-e29b-41d4-a716-446655440000;0e8400-e29b-41d4-a716-446655440000;0e8400-e29b-41d4-a716-446655440000;1;984280280;PEN;984280280;984280281;1;1;44248188;44248188;984280280;984280281;Ricardo Gareca;Juan Roman Riquelme;0e8400-e29b-41d4-a716-446655440000;0e8400-e29b-41d4-a716-446655440012;400;GEN_ALL_01;
37;Registrar operation con operationReferenceId en blanco - resultado 400;0e8400-e29b-41d4-a716-446655440001;0e8400-e29b-41d4-a716-446655440002;100;20;1;Operación p2p en proceso;Pago por el almuerzo;0e8400-e29b-41d4-a716-446655440000;0e8400-e29b-41d4-a716-446655440000;1.23E+11;9.88E+11;0e8400-e29b-41d4-a716-446655440000;0e8400-e29b-41d4-a716-446655440000;0e8400-e29b-41d4-a716-446655440000;1;984280280;PEN;984280280;984280281;1;1;44248188;44248188;984280280;984280281;Ricardo Gareca;Juan Roman Riquelme;0e8400-e29b-41d4-a716-446655440000;0e8400-e29b-41d4-a716-446655440012;400;GEN_ALL_01;
38;Registrar operation con operationReferenceId  Menor a la cantidad de caracteres permitidos (2) - resultado 400;0e8400-e29b-41d4-a716-446655440001;0e8400-e29b-41d4-a716-446655440002;100;20;1;Operación p2p en proceso;Pago por el almuerzo;0e8400-e29b-41d4-a716-446655440000;0e8400-e29b-41d4-a716-446655440000;1.23E+11;9.88E+11;0e8400-e29b-41d4-a716-446655440000;0e8400-e29b-41d4-a716-446655440000;0e8400-e29b-41d4-a716-446655440000;1;984280280;PEN;984280280;984280281;1;1;44248188;44248188;984280280;984280281;Ricardo Gareca;Juan Roman Riquelme;0e8400-e29b-41d4-a716-446655440000;0e8400-e29b-41d4-a716-446655440012;400;GEN_ALL_01;
39;Registrar operation con operationReferenceId Mayor a la cantidad de caracteres permitidos (4) - resultado 400;0e8400-e29b-41d4-a716-446655440001;0e8400-e29b-41d4-a716-446655440002;100;20;1;Operación p2p en proceso;Pago por el almuerzo;0e8400-e29b-41d4-a716-446655440000;0e8400-e29b-41d4-a716-446655440000;1.23E+11;9.88E+11;0e8400-e29b-41d4-a716-446655440000;0e8400-e29b-41d4-a716-446655440000;0e8400-e29b-41d4-a716-446655440000;1;984280280;PEN;984280280;984280281;1;1;44248188;44248188;984280280;984280281;Ricardo Gareca;Juan Roman Riquelme;0e8400-e29b-41d4-a716-446655440000;0e8400-e29b-41d4-a716-446655440012;400;GEN_ALL_01;
40;Registrar operation con operationReferenceId Caracteres especiales (Extraños) - resultado 400;0e8400-e29b-41d4-a716-446655440001;0e8400-e29b-41d4-a716-446655440002;100;20;1;Operación p2p en proceso;Pago por el almuerzo;0e8400-e29b-41d4-a716-446655440000;0e8400-e29b-41d4-a716-446655440000;1.23E+11;9.88E+11;0e8400-e29b-41d4-a716-446655440000;0e8400-e29b-41d4-a716-446655440000;0e8400-e29b-41d4-a716-446655440000;1;984280280;PEN;984280280;984280281;1;1;44248188;44248188;984280280;984280281;Ricardo Gareca;Juan Roman Riquelme;0e8400-e29b-41d4-a716-446655440000;0e8400-e29b-41d4-a716-446655440012;400;GEN_ALL_01;
41;Registrar operation con operationReferenceId Incorrecto - resultado 400;0e8400-e29b-41d4-a716-446655440001;0e8400-e29b-41d4-a716-446655440002;100;20;1;Operación p2p en proceso;Pago por el almuerzo;0e8400-e29b-41d4-a716-446655440000;0e8400-e29b-41d4-a716-446655440000;1.23E+11;9.88E+11;0e8400-e29b-41d4-a716-446655440000;0e8400-e29b-41d4-a716-446655440000;0e8400-e29b-41d4-a716-446655440000;1;984280280;PEN;984280280;984280281;1;1;44248188;44248188;984280280;984280281;Ricardo Gareca;Juan Roman Riquelme;0e8400-e29b-41d4-a716-446655440000;0e8400-e29b-41d4-a716-446655440012;400;GEN_ALL_01;
42;Registrar operation con externalReferenceId en blanco - resultado 400;0e8400-e29b-41d4-a716-446655440001;0e8400-e29b-41d4-a716-446655440002;100;20;1;Operación p2p en proceso;Pago por el almuerzo;0e8400-e29b-41d4-a716-446655440000;0e8400-e29b-41d4-a716-446655440000;1.23E+11;9.88E+11;0e8400-e29b-41d4-a716-446655440000;0e8400-e29b-41d4-a716-446655440000;0e8400-e29b-41d4-a716-446655440000;1;984280280;PEN;984280280;984280281;1;1;44248188;44248188;984280280;984280281;Ricardo Gareca;Juan Roman Riquelme;0e8400-e29b-41d4-a716-446655440000;0e8400-e29b-41d4-a716-446655440012;400;GEN_ALL_01;
43;Registrar operation con externalReferenceId Menor a la cantidad de caracteres permitidos (2) - resultado 400;0e8400-e29b-41d4-a716-446655440001;0e8400-e29b-41d4-a716-446655440002;100;20;1;Operación p2p en proceso;Pago por el almuerzo;0e8400-e29b-41d4-a716-446655440000;0e8400-e29b-41d4-a716-446655440000;1.23E+11;9.88E+11;0e8400-e29b-41d4-a716-446655440000;0e8400-e29b-41d4-a716-446655440000;0e8400-e29b-41d4-a716-446655440000;1;984280280;PEN;984280280;984280281;1;1;44248188;44248188;984280280;984280281;Ricardo Gareca;Juan Roman Riquelme;0e8400-e29b-41d4-a716-446655440000;0e8400-e29b-41d4-a716-446655440012;400;GEN_ALL_01;
44;Registrar operation con externalReferenceId Mayor a la cantidad de caracteres permitidos (4) - resultado 400;0e8400-e29b-41d4-a716-446655440001;0e8400-e29b-41d4-a716-446655440002;100;20;1;Operación p2p en proceso;Pago por el almuerzo;0e8400-e29b-41d4-a716-446655440000;0e8400-e29b-41d4-a716-446655440000;1.23E+11;9.88E+11;0e8400-e29b-41d4-a716-446655440000;0e8400-e29b-41d4-a716-446655440000;0e8400-e29b-41d4-a716-446655440000;1;984280280;PEN;984280280;984280281;1;1;44248188;44248188;984280280;984280281;Ricardo Gareca;Juan Roman Riquelme;0e8400-e29b-41d4-a716-446655440000;0e8400-e29b-41d4-a716-446655440012;400;GEN_ALL_01;
45;Registrar operation con externalReferenceId Caracteres especiales (Extraños) - resultado 400;0e8400-e29b-41d4-a716-446655440001;0e8400-e29b-41d4-a716-446655440002;100;20;1;Operación p2p en proceso;Pago por el almuerzo;0e8400-e29b-41d4-a716-446655440000;0e8400-e29b-41d4-a716-446655440000;1.23E+11;9.88E+11;0e8400-e29b-41d4-a716-446655440000;0e8400-e29b-41d4-a716-446655440000;0e8400-e29b-41d4-a716-446655440000;1;984280280;PEN;984280280;984280281;1;1;44248188;44248188;984280280;984280281;Ricardo Gareca;Juan Roman Riquelme;0e8400-e29b-41d4-a716-446655440000;0e8400-e29b-41d4-a716-446655440012;400;GEN_ALL_01;
46;Registrar operation con externalReferenceId incorrecto - resultado 403;0e8400-e29b-41d4-a716-446655440001;0e8400-e29b-41d4-a716-446655440002;100;20;1;Operación p2p en proceso;Pago por el almuerzo;0e8400-e29b-41d4-a716-446655440000;0e8400-e29b-41d4-a716-446655440000;1.23E+11;9.88E+11;0e8400-e29b-41d4-a716-446655440000;0e8400-e29b-41d4-a716-446655440000;0e8400-e29b-41d4-a716-446655440000;1;984280280;PEN;984280280;984280281;1;1;44248188;44248188;984280280;984280281;Ricardo Gareca;Juan Roman Riquelme;0e8400-e29b-41d4-a716-446655440000;0e8400-e29b-41d4-a716-446655440012;400;GEN_ALL_01;
47;Registrar operation con suppliedId en blanco - resultado 400;0e8400-e29b-41d4-a716-446655440001;0e8400-e29b-41d4-a716-446655440002;100;20;1;Operación p2p en proceso;Pago por el almuerzo;0e8400-e29b-41d4-a716-446655440000;0e8400-e29b-41d4-a716-446655440000;1.23E+11;9.88E+11;0e8400-e29b-41d4-a716-446655440000;0e8400-e29b-41d4-a716-446655440000;0e8400-e29b-41d4-a716-446655440000;1;984280280;PEN;984280280;984280281;1;1;44248188;44248188;984280280;984280281;Ricardo Gareca;Juan Roman Riquelme;0e8400-e29b-41d4-a716-446655440000;0e8400-e29b-41d4-a716-446655440012;400;GEN_ALL_01;
48;Registrar operation con suppliedId Menor a la cantidad de caracteres permitidos (1) - resultado 400;0e8400-e29b-41d4-a716-446655440001;0e8400-e29b-41d4-a716-446655440002;100;20;1;Operación p2p en proceso;Pago por el almuerzo;0e8400-e29b-41d4-a716-446655440000;0e8400-e29b-41d4-a716-446655440000;1.23E+11;9.88E+11;0e8400-e29b-41d4-a716-446655440000;0e8400-e29b-41d4-a716-446655440000;0e8400-e29b-41d4-a716-446655440000;1;984280280;PEN;984280280;984280281;1;1;44248188;44248188;984280280;984280281;Ricardo Gareca;Juan Roman Riquelme;0e8400-e29b-41d4-a716-446655440000;0e8400-e29b-41d4-a716-446655440012;400;GEN_ALL_01;
49;Registrar operation con suppliedId Mayor a la cantidad de caracteres permitidos (301) - resultado 400;0e8400-e29b-41d4-a716-446655440001;0e8400-e29b-41d4-a716-446655440002;100;20;1;Operación p2p en proceso;Pago por el almuerzo;0e8400-e29b-41d4-a716-446655440000;0e8400-e29b-41d4-a716-446655440000;1.23E+11;9.88E+11;0e8400-e29b-41d4-a716-446655440000;0e8400-e29b-41d4-a716-446655440000;0e8400-e29b-41d4-a716-446655440000;1;984280280;PEN;984280280;984280281;1;1;44248188;44248188;984280280;984280281;Ricardo Gareca;Juan Roman Riquelme;0e8400-e29b-41d4-a716-446655440000;0e8400-e29b-41d4-a716-446655440012;400;GEN_ALL_01;
50;Registrar operation con suppliedId Caracteres especiales (Extraños) - resultado 400;0e8400-e29b-41d4-a716-446655440001;0e8400-e29b-41d4-a716-446655440002;100;20;1;Operación p2p en proceso;Pago por el almuerzo;0e8400-e29b-41d4-a716-446655440000;0e8400-e29b-41d4-a716-446655440000;1.23E+11;9.88E+11;0e8400-e29b-41d4-a716-446655440000;0e8400-e29b-41d4-a716-446655440000;0e8400-e29b-41d4-a716-446655440000;1;984280280;PEN;984280280;984280281;1;1;44248188;44248188;984280280;984280281;Ricardo Gareca;Juan Roman Riquelme;0e8400-e29b-41d4-a716-446655440000;0e8400-e29b-41d4-a716-446655440012;400;GEN_ALL_01;
51;Registrar operation con suppliedId Incorrecto - resultado 400;0e8400-e29b-41d4-a716-446655440001;0e8400-e29b-41d4-a716-446655440002;100;20;1;Operación p2p en proceso;Pago por el almuerzo;0e8400-e29b-41d4-a716-446655440000;0e8400-e29b-41d4-a716-446655440000;1.23E+11;9.88E+11;0e8400-e29b-41d4-a716-446655440000;0e8400-e29b-41d4-a716-446655440000;0e8400-e29b-41d4-a716-446655440000;1;984280280;PEN;984280280;984280281;1;1;44248188;44248188;984280280;984280281;Ricardo Gareca;Juan Roman Riquelme;0e8400-e29b-41d4-a716-446655440000;0e8400-e29b-41d4-a716-446655440012;400;GEN_ALL_01;
52;Registrar operation con externalId en blanco - resultado 400;0e8400-e29b-41d4-a716-446655440001;0e8400-e29b-41d4-a716-446655440002;100;20;1;Operación p2p en proceso;Pago por el almuerzo;0e8400-e29b-41d4-a716-446655440000;0e8400-e29b-41d4-a716-446655440000;1.23E+11;9.88E+11;0e8400-e29b-41d4-a716-446655440000;0e8400-e29b-41d4-a716-446655440000;0e8400-e29b-41d4-a716-446655440000;1;984280280;PEN;984280280;984280281;1;1;44248188;44248188;984280280;984280281;Ricardo Gareca;Juan Roman Riquelme;0e8400-e29b-41d4-a716-446655440000;0e8400-e29b-41d4-a716-446655440012;400;GEN_ALL_01;
53;Registrar operation con externalId Menor a la cantidad de caracteres permitidos (2) - resultado 400;0e8400-e29b-41d4-a716-446655440001;0e8400-e29b-41d4-a716-446655440002;100;20;1;Operación p2p en proceso;Pago por el almuerzo;0e8400-e29b-41d4-a716-446655440000;0e8400-e29b-41d4-a716-446655440000;1.23E+11;9.88E+11;0e8400-e29b-41d4-a716-446655440000;0e8400-e29b-41d4-a716-446655440000;0e8400-e29b-41d4-a716-446655440000;1;984280280;PEN;984280280;984280281;1;1;44248188;44248188;984280280;984280281;Ricardo Gareca;Juan Roman Riquelme;0e8400-e29b-41d4-a716-446655440000;0e8400-e29b-41d4-a716-446655440012;400;GEN_ALL_01;
54;Registrar operation con externalId Mayor a la cantidad de caracteres permitidos (4) - resultado 400;0e8400-e29b-41d4-a716-446655440001;0e8400-e29b-41d4-a716-446655440002;100;20;1;Operación p2p en proceso;Pago por el almuerzo;0e8400-e29b-41d4-a716-446655440000;0e8400-e29b-41d4-a716-446655440000;1.23E+11;9.88E+11;0e8400-e29b-41d4-a716-446655440000;0e8400-e29b-41d4-a716-446655440000;0e8400-e29b-41d4-a716-446655440000;1;984280280;PEN;984280280;984280281;1;1;44248188;44248188;984280280;984280281;Ricardo Gareca;Juan Roman Riquelme;0e8400-e29b-41d4-a716-446655440000;0e8400-e29b-41d4-a716-446655440012;400;GEN_ALL_01;
55;Registrar operation con externalId Caracteres especiales (Extraños) - resultado 400;0e8400-e29b-41d4-a716-446655440001;0e8400-e29b-41d4-a716-446655440002;100;20;1;Operación p2p en proceso;Pago por el almuerzo;0e8400-e29b-41d4-a716-446655440000;0e8400-e29b-41d4-a716-446655440000;1.23E+11;9.88E+11;0e8400-e29b-41d4-a716-446655440000;0e8400-e29b-41d4-a716-446655440000;0e8400-e29b-41d4-a716-446655440000;1;984280280;PEN;984280280;984280281;1;1;44248188;44248188;984280280;984280281;Ricardo Gareca;Juan Roman Riquelme;0e8400-e29b-41d4-a716-446655440000;0e8400-e29b-41d4-a716-446655440012;400;GEN_ALL_01;
56;Registrar operation con externalId Incorrecto - resultado 400;0e8400-e29b-41d4-a716-446655440001;0e8400-e29b-41d4-a716-446655440002;100;20;1;Operación p2p en proceso;Pago por el almuerzo;0e8400-e29b-41d4-a716-446655440000;0e8400-e29b-41d4-a716-446655440000;1.23E+11;9.88E+11;0e8400-e29b-41d4-a716-446655440000;0e8400-e29b-41d4-a716-446655440000;0e8400-e29b-41d4-a716-446655440000;1;984280280;PEN;984280280;984280281;1;1;44248188;44248188;984280280;984280281;Ricardo Gareca;Juan Roman Riquelme;0e8400-e29b-41d4-a716-446655440000;0e8400-e29b-41d4-a716-446655440012;400;GEN_ALL_01;
57;Registrar operation con operationId en blanco - resultado 400;0e8400-e29b-41d4-a716-446655440001;0e8400-e29b-41d4-a716-446655440002;100;20;1;Operación p2p en proceso;Pago por el almuerzo;0e8400-e29b-41d4-a716-446655440000;0e8400-e29b-41d4-a716-446655440000;1.23E+11;9.88E+11;0e8400-e29b-41d4-a716-446655440000;0e8400-e29b-41d4-a716-446655440000;0e8400-e29b-41d4-a716-446655440000;1;984280280;PEN;984280280;984280281;1;1;44248188;44248188;984280280;984280281;Ricardo Gareca;Juan Roman Riquelme;0e8400-e29b-41d4-a716-446655440000;0e8400-e29b-41d4-a716-446655440012;400;GEN_ALL_01;
58;Registrar operation con operationId Menor a la cantidad de caracteres permitidos (2) - resultado 400;0e8400-e29b-41d4-a716-446655440001;0e8400-e29b-41d4-a716-446655440002;100;20;1;Operación p2p en proceso;Pago por el almuerzo;0e8400-e29b-41d4-a716-446655440000;0e8400-e29b-41d4-a716-446655440000;1.23E+11;9.88E+11;0e8400-e29b-41d4-a716-446655440000;0e8400-e29b-41d4-a716-446655440000;0e8400-e29b-41d4-a716-446655440000;1;984280280;PEN;984280280;984280281;1;1;44248188;44248188;984280280;984280281;Ricardo Gareca;Juan Roman Riquelme;0e8400-e29b-41d4-a716-446655440000;0e8400-e29b-41d4-a716-446655440012;400;GEN_ALL_01;
59;Registrar operation con operationId Mayor a la cantidad de caracteres permitidos (4) - resultado 400;0e8400-e29b-41d4-a716-446655440001;0e8400-e29b-41d4-a716-446655440002;100;20;1;Operación p2p en proceso;Pago por el almuerzo;0e8400-e29b-41d4-a716-446655440000;0e8400-e29b-41d4-a716-446655440000;1.23E+11;9.88E+11;0e8400-e29b-41d4-a716-446655440000;0e8400-e29b-41d4-a716-446655440000;0e8400-e29b-41d4-a716-446655440000;1;984280280;PEN;984280280;984280281;1;1;44248188;44248188;984280280;984280281;Ricardo Gareca;Juan Roman Riquelme;0e8400-e29b-41d4-a716-446655440000;0e8400-e29b-41d4-a716-446655440012;400;GEN_ALL_01;
60;Registrar operation con operationId Caracteres especiales (Extraños) - resultado 400;0e8400-e29b-41d4-a716-446655440001;0e8400-e29b-41d4-a716-446655440002;100;20;1;Operación p2p en proceso;Pago por el almuerzo;0e8400-e29b-41d4-a716-446655440000;0e8400-e29b-41d4-a716-446655440000;1.23E+11;9.88E+11;0e8400-e29b-41d4-a716-446655440000;0e8400-e29b-41d4-a716-446655440000;0e8400-e29b-41d4-a716-446655440000;1;984280280;PEN;984280280;984280281;1;1;44248188;44248188;984280280;984280281;Ricardo Gareca;Juan Roman Riquelme;0e8400-e29b-41d4-a716-446655440000;0e8400-e29b-41d4-a716-446655440012;400;GEN_ALL_01;
61;Registrar operation con operationId incorrecto - resultado 403;0e8400-e29b-41d4-a716-446655440001;0e8400-e29b-41d4-a716-446655440002;100;20;1;Operación p2p en proceso;Pago por el almuerzo;0e8400-e29b-41d4-a716-446655440000;0e8400-e29b-41d4-a716-446655440000;1.23E+11;9.88E+11;0e8400-e29b-41d4-a716-446655440000;0e8400-e29b-41d4-a716-446655440000;0e8400-e29b-41d4-a716-446655440000;1;984280280;PEN;984280280;984280281;1;1;44248188;44248188;984280280;984280281;Ricardo Gareca;Juan Roman Riquelme;0e8400-e29b-41d4-a716-446655440000;0e8400-e29b-41d4-a716-446655440012;400;GEN_ALL_01;
62;Registrar operation con originId en blanco - resultado 400;0e8400-e29b-41d4-a716-446655440001;0e8400-e29b-41d4-a716-446655440002;100;20;1;Operación p2p en proceso;Pago por el almuerzo;0e8400-e29b-41d4-a716-446655440000;0e8400-e29b-41d4-a716-446655440000;1.23E+11;9.88E+11;0e8400-e29b-41d4-a716-446655440000;0e8400-e29b-41d4-a716-446655440000;0e8400-e29b-41d4-a716-446655440000;1;984280280;PEN;984280280;984280281;1;1;44248188;44248188;984280280;984280281;Ricardo Gareca;Juan Roman Riquelme;0e8400-e29b-41d4-a716-446655440000;0e8400-e29b-41d4-a716-446655440012;400;GEN_ALL_01;
63;Registrar operation con originId Menor a la cantidad de caracteres permitidos (1) - resultado 400;0e8400-e29b-41d4-a716-446655440001;0e8400-e29b-41d4-a716-446655440002;100;20;1;Operación p2p en proceso;Pago por el almuerzo;0e8400-e29b-41d4-a716-446655440000;0e8400-e29b-41d4-a716-446655440000;1.23E+11;9.88E+11;0e8400-e29b-41d4-a716-446655440000;0e8400-e29b-41d4-a716-446655440000;0e8400-e29b-41d4-a716-446655440000;1;984280280;PEN;984280280;984280281;1;1;44248188;44248188;984280280;984280281;Ricardo Gareca;Juan Roman Riquelme;0e8400-e29b-41d4-a716-446655440000;0e8400-e29b-41d4-a716-446655440012;400;GEN_ALL_01;
64;Registrar operation con originId Mayor a la cantidad de caracteres permitidos (301) - resultado 400;0e8400-e29b-41d4-a716-446655440001;0e8400-e29b-41d4-a716-446655440002;100;20;1;Operación p2p en proceso;Pago por el almuerzo;0e8400-e29b-41d4-a716-446655440000;0e8400-e29b-41d4-a716-446655440000;1.23E+11;9.88E+11;0e8400-e29b-41d4-a716-446655440000;0e8400-e29b-41d4-a716-446655440000;0e8400-e29b-41d4-a716-446655440000;1;984280280;PEN;984280280;984280281;1;1;44248188;44248188;984280280;984280281;Ricardo Gareca;Juan Roman Riquelme;0e8400-e29b-41d4-a716-446655440000;0e8400-e29b-41d4-a716-446655440012;400;GEN_ALL_01;
65;Registrar operation con originId Caracteres especiales (Extraños) - resultado 400;0e8400-e29b-41d4-a716-446655440001;0e8400-e29b-41d4-a716-446655440002;100;20;1;Operación p2p en proceso;Pago por el almuerzo;0e8400-e29b-41d4-a716-446655440000;0e8400-e29b-41d4-a716-446655440000;1.23E+11;9.88E+11;0e8400-e29b-41d4-a716-446655440000;0e8400-e29b-41d4-a716-446655440000;0e8400-e29b-41d4-a716-446655440000;1;984280280;PEN;984280280;984280281;1;1;44248188;44248188;984280280;984280281;Ricardo Gareca;Juan Roman Riquelme;0e8400-e29b-41d4-a716-446655440000;0e8400-e29b-41d4-a716-446655440012;400;GEN_ALL_01;
66;Registrar operation con originId Incorrecto - resultado 400;0e8400-e29b-41d4-a716-446655440001;0e8400-e29b-41d4-a716-446655440002;100;20;1;Operación p2p en proceso;Pago por el almuerzo;0e8400-e29b-41d4-a716-446655440000;0e8400-e29b-41d4-a716-446655440000;1.23E+11;9.88E+11;0e8400-e29b-41d4-a716-446655440000;0e8400-e29b-41d4-a716-446655440000;0e8400-e29b-41d4-a716-446655440000;1;984280280;PEN;984280280;984280281;1;1;44248188;44248188;984280280;984280281;Ricardo Gareca;Juan Roman Riquelme;0e8400-e29b-41d4-a716-446655440000;0e8400-e29b-41d4-a716-446655440012;400;GEN_ALL_01;
67;Registrar operation con destinationId en blanco - resultado 400;0e8400-e29b-41d4-a716-446655440001;0e8400-e29b-41d4-a716-446655440002;100;20;1;Operación p2p en proceso;Pago por el almuerzo;0e8400-e29b-41d4-a716-446655440000;0e8400-e29b-41d4-a716-446655440000;1.23E+11;9.88E+11;0e8400-e29b-41d4-a716-446655440000;0e8400-e29b-41d4-a716-446655440000;0e8400-e29b-41d4-a716-446655440000;1;984280280;PEN;984280280;984280281;1;1;44248188;44248188;984280280;984280281;Ricardo Gareca;Juan Roman Riquelme;0e8400-e29b-41d4-a716-446655440000;0e8400-e29b-41d4-a716-446655440012;400;GEN_ALL_01;
68;Registrar operation con destinationId Menor a la cantidad de caracteres permitidos (2) - resultado 400;0e8400-e29b-41d4-a716-446655440001;0e8400-e29b-41d4-a716-446655440002;100;20;1;Operación p2p en proceso;Pago por el almuerzo;0e8400-e29b-41d4-a716-446655440000;0e8400-e29b-41d4-a716-446655440000;1.23E+11;9.88E+11;0e8400-e29b-41d4-a716-446655440000;0e8400-e29b-41d4-a716-446655440000;0e8400-e29b-41d4-a716-446655440000;1;984280280;PEN;984280280;984280281;1;1;44248188;44248188;984280280;984280281;Ricardo Gareca;Juan Roman Riquelme;0e8400-e29b-41d4-a716-446655440000;0e8400-e29b-41d4-a716-446655440012;400;GEN_ALL_01;
69;Registrar operation con destinationId Mayor a la cantidad de caracteres permitidos (4) - resultado 400;0e8400-e29b-41d4-a716-446655440001;0e8400-e29b-41d4-a716-446655440002;100;20;1;Operación p2p en proceso;Pago por el almuerzo;0e8400-e29b-41d4-a716-446655440000;0e8400-e29b-41d4-a716-446655440000;1.23E+11;9.88E+11;0e8400-e29b-41d4-a716-446655440000;0e8400-e29b-41d4-a716-446655440000;0e8400-e29b-41d4-a716-446655440000;1;984280280;PEN;984280280;984280281;1;1;44248188;44248188;984280280;984280281;Ricardo Gareca;Juan Roman Riquelme;0e8400-e29b-41d4-a716-446655440000;0e8400-e29b-41d4-a716-446655440012;400;GEN_ALL_01;
70;Registrar operation con destinationId Caracteres especiales (Extraños) - resultado 400;0e8400-e29b-41d4-a716-446655440001;0e8400-e29b-41d4-a716-446655440002;100;20;1;Operación p2p en proceso;Pago por el almuerzo;0e8400-e29b-41d4-a716-446655440000;0e8400-e29b-41d4-a716-446655440000;1.23E+11;9.88E+11;0e8400-e29b-41d4-a716-446655440000;0e8400-e29b-41d4-a716-446655440000;0e8400-e29b-41d4-a716-446655440000;1;984280280;PEN;984280280;984280281;1;1;44248188;44248188;984280280;984280281;Ricardo Gareca;Juan Roman Riquelme;0e8400-e29b-41d4-a716-446655440000;0e8400-e29b-41d4-a716-446655440012;400;GEN_ALL_01;
71;Registrar operation con destinationId Incorrecto - resultado 400;0e8400-e29b-41d4-a716-446655440001;0e8400-e29b-41d4-a716-446655440002;100;20;1;Operación p2p en proceso;Pago por el almuerzo;0e8400-e29b-41d4-a716-446655440000;0e8400-e29b-41d4-a716-446655440000;1.23E+11;9.88E+11;0e8400-e29b-41d4-a716-446655440000;0e8400-e29b-41d4-a716-446655440000;0e8400-e29b-41d4-a716-446655440000;1;984280280;PEN;984280280;984280281;1;1;44248188;44248188;984280280;984280281;Ricardo Gareca;Juan Roman Riquelme;0e8400-e29b-41d4-a716-446655440000;0e8400-e29b-41d4-a716-446655440012;400;GEN_ALL_01;
72;Registrar operation con status en blanco - resultado 400;0e8400-e29b-41d4-a716-446655440001;0e8400-e29b-41d4-a716-446655440002;100;20;1;Operación p2p en proceso;Pago por el almuerzo;0e8400-e29b-41d4-a716-446655440000;0e8400-e29b-41d4-a716-446655440000;1.23E+11;9.88E+11;0e8400-e29b-41d4-a716-446655440000;0e8400-e29b-41d4-a716-446655440000;0e8400-e29b-41d4-a716-446655440000;1;984280280;PEN;984280280;984280281;1;1;44248188;44248188;984280280;984280281;Ricardo Gareca;Juan Roman Riquelme;0e8400-e29b-41d4-a716-446655440000;0e8400-e29b-41d4-a716-446655440012;400;GEN_ALL_01;
73;Registrar operation con status menor a la cantidad de caracteres permitidos (2) - resultado 400;0e8400-e29b-41d4-a716-446655440001;0e8400-e29b-41d4-a716-446655440002;100;20;1;Operación p2p en proceso;Pago por el almuerzo;0e8400-e29b-41d4-a716-446655440000;0e8400-e29b-41d4-a716-446655440000;1.23E+11;9.88E+11;0e8400-e29b-41d4-a716-446655440000;0e8400-e29b-41d4-a716-446655440000;0e8400-e29b-41d4-a716-446655440000;1;984280280;PEN;984280280;984280281;1;1;44248188;44248188;984280280;984280281;Ricardo Gareca;Juan Roman Riquelme;0e8400-e29b-41d4-a716-446655440000;0e8400-e29b-41d4-a716-446655440012;400;GEN_ALL_01;
74;Registrar operation con status Mayor a la cantidad de caracteres permitidos (4) - resultado 400;0e8400-e29b-41d4-a716-446655440001;0e8400-e29b-41d4-a716-446655440002;100;20;1;Operación p2p en proceso;Pago por el almuerzo;0e8400-e29b-41d4-a716-446655440000;0e8400-e29b-41d4-a716-446655440000;1.23E+11;9.88E+11;0e8400-e29b-41d4-a716-446655440000;0e8400-e29b-41d4-a716-446655440000;0e8400-e29b-41d4-a716-446655440000;1;984280280;PEN;984280280;984280281;1;1;44248188;44248188;984280280;984280281;Ricardo Gareca;Juan Roman Riquelme;0e8400-e29b-41d4-a716-446655440000;0e8400-e29b-41d4-a716-446655440012;400;GEN_ALL_01;
75;Registrar operation con status Caracteres especiales (Extraños) - resultado 400;0e8400-e29b-41d4-a716-446655440001;0e8400-e29b-41d4-a716-446655440002;100;20;1;Operación p2p en proceso;Pago por el almuerzo;0e8400-e29b-41d4-a716-446655440000;0e8400-e29b-41d4-a716-446655440000;1.23E+11;9.88E+11;0e8400-e29b-41d4-a716-446655440000;0e8400-e29b-41d4-a716-446655440000;0e8400-e29b-41d4-a716-446655440000;1;984280280;PEN;984280280;984280281;1;1;44248188;44248188;984280280;984280281;Ricardo Gareca;Juan Roman Riquelme;0e8400-e29b-41d4-a716-446655440000;0e8400-e29b-41d4-a716-446655440012;400;GEN_ALL_01;
76;Registrar operation con status incorrecto - resultado 403;0e8400-e29b-41d4-a716-446655440001;0e8400-e29b-41d4-a716-446655440002;100;20;1;Operación p2p en proceso;Pago por el almuerzo;0e8400-e29b-41d4-a716-446655440000;0e8400-e29b-41d4-a716-446655440000;1.23E+11;9.88E+11;0e8400-e29b-41d4-a716-446655440000;0e8400-e29b-41d4-a716-446655440000;0e8400-e29b-41d4-a716-446655440000;1;984280280;PEN;984280280;984280281;1;1;44248188;44248188;984280280;984280281;Ricardo Gareca;Juan Roman Riquelme;0e8400-e29b-41d4-a716-446655440000;0e8400-e29b-41d4-a716-446655440012;400;GEN_ALL_01;
77;Registrar operation con createdUser en blanco - resultado 400;0e8400-e29b-41d4-a716-446655440001;0e8400-e29b-41d4-a716-446655440002;100;20;1;Operación p2p en proceso;Pago por el almuerzo;0e8400-e29b-41d4-a716-446655440000;0e8400-e29b-41d4-a716-446655440000;1.23E+11;9.88E+11;0e8400-e29b-41d4-a716-446655440000;0e8400-e29b-41d4-a716-446655440000;0e8400-e29b-41d4-a716-446655440000;1;984280280;PEN;984280280;984280281;1;1;44248188;44248188;984280280;984280281;Ricardo Gareca;Juan Roman Riquelme;0e8400-e29b-41d4-a716-446655440000;0e8400-e29b-41d4-a716-446655440012;400;GEN_ALL_01;
78;Registrar operation con createdUser Menor a la cantidad de caracteres permitidos (1) - resultado 400;0e8400-e29b-41d4-a716-446655440001;0e8400-e29b-41d4-a716-446655440002;100;20;1;Operación p2p en proceso;Pago por el almuerzo;0e8400-e29b-41d4-a716-446655440000;0e8400-e29b-41d4-a716-446655440000;1.23E+11;9.88E+11;0e8400-e29b-41d4-a716-446655440000;0e8400-e29b-41d4-a716-446655440000;0e8400-e29b-41d4-a716-446655440000;1;984280280;PEN;984280280;984280281;1;1;44248188;44248188;984280280;984280281;Ricardo Gareca;Juan Roman Riquelme;0e8400-e29b-41d4-a716-446655440000;0e8400-e29b-41d4-a716-446655440012;400;GEN_ALL_01;
79;Registrar operation con createdUser Mayor a la cantidad de caracteres permitidos (301) - resultado 400;0e8400-e29b-41d4-a716-446655440001;0e8400-e29b-41d4-a716-446655440002;100;20;1;Operación p2p en proceso;Pago por el almuerzo;0e8400-e29b-41d4-a716-446655440000;0e8400-e29b-41d4-a716-446655440000;1.23E+11;9.88E+11;0e8400-e29b-41d4-a716-446655440000;0e8400-e29b-41d4-a716-446655440000;0e8400-e29b-41d4-a716-446655440000;1;984280280;PEN;984280280;984280281;1;1;44248188;44248188;984280280;984280281;Ricardo Gareca;Juan Roman Riquelme;0e8400-e29b-41d4-a716-446655440000;0e8400-e29b-41d4-a716-446655440012;400;GEN_ALL_01;
80;Registrar operation con createdUser Caracteres especiales (Extraños) - resultado 400;0e8400-e29b-41d4-a716-446655440001;0e8400-e29b-41d4-a716-446655440002;100;20;1;Operación p2p en proceso;Pago por el almuerzo;0e8400-e29b-41d4-a716-446655440000;0e8400-e29b-41d4-a716-446655440000;1.23E+11;9.88E+11;0e8400-e29b-41d4-a716-446655440000;0e8400-e29b-41d4-a716-446655440000;0e8400-e29b-41d4-a716-446655440000;1;984280280;PEN;984280280;984280281;1;1;44248188;44248188;984280280;984280281;Ricardo Gareca;Juan Roman Riquelme;0e8400-e29b-41d4-a716-446655440000;0e8400-e29b-41d4-a716-446655440012;400;GEN_ALL_01;
81;Registrar operation con createdUser Incorrecto - resultado 400;0e8400-e29b-41d4-a716-446655440001;0e8400-e29b-41d4-a716-446655440002;100;20;1;Operación p2p en proceso;Pago por el almuerzo;0e8400-e29b-41d4-a716-446655440000;0e8400-e29b-41d4-a716-446655440000;1.23E+11;9.88E+11;0e8400-e29b-41d4-a716-446655440000;0e8400-e29b-41d4-a716-446655440000;0e8400-e29b-41d4-a716-446655440000;1;984280280;PEN;984280280;984280281;1;1;44248188;44248188;984280280;984280281;Ricardo Gareca;Juan Roman Riquelme;0e8400-e29b-41d4-a716-446655440000;0e8400-e29b-41d4-a716-446655440012;400;GEN_ALL_01;
82;Registrar operation con currencyType en blanco - resultado 400;0e8400-e29b-41d4-a716-446655440001;0e8400-e29b-41d4-a716-446655440002;100;20;1;Operación p2p en proceso;Pago por el almuerzo;0e8400-e29b-41d4-a716-446655440000;0e8400-e29b-41d4-a716-446655440000;1.23E+11;9.88E+11;0e8400-e29b-41d4-a716-446655440000;0e8400-e29b-41d4-a716-446655440000;0e8400-e29b-41d4-a716-446655440000;1;984280280;PEN;984280280;984280281;1;1;44248188;44248188;984280280;984280281;Ricardo Gareca;Juan Roman Riquelme;0e8400-e29b-41d4-a716-446655440000;0e8400-e29b-41d4-a716-446655440012;400;GEN_ALL_01;
83;Registrar operation con currencyType Menor a la cantidad de caracteres permitidos (2) - resultado 400;0e8400-e29b-41d4-a716-446655440001;0e8400-e29b-41d4-a716-446655440002;100;20;1;Operación p2p en proceso;Pago por el almuerzo;0e8400-e29b-41d4-a716-446655440000;0e8400-e29b-41d4-a716-446655440000;1.23E+11;9.88E+11;0e8400-e29b-41d4-a716-446655440000;0e8400-e29b-41d4-a716-446655440000;0e8400-e29b-41d4-a716-446655440000;1;984280280;PEN;984280280;984280281;1;1;44248188;44248188;984280280;984280281;Ricardo Gareca;Juan Roman Riquelme;0e8400-e29b-41d4-a716-446655440000;0e8400-e29b-41d4-a716-446655440012;400;GEN_ALL_01;
84;Registrar operation con currencyType Mayor a la cantidad de caracteres permitidos (4) - resultado 400;0e8400-e29b-41d4-a716-446655440001;0e8400-e29b-41d4-a716-446655440002;100;20;1;Operación p2p en proceso;Pago por el almuerzo;0e8400-e29b-41d4-a716-446655440000;0e8400-e29b-41d4-a716-446655440000;1.23E+11;9.88E+11;0e8400-e29b-41d4-a716-446655440000;0e8400-e29b-41d4-a716-446655440000;0e8400-e29b-41d4-a716-446655440000;1;984280280;PEN;984280280;984280281;1;1;44248188;44248188;984280280;984280281;Ricardo Gareca;Juan Roman Riquelme;0e8400-e29b-41d4-a716-446655440000;0e8400-e29b-41d4-a716-446655440012;400;GEN_ALL_01;
85;Registrar operation con currencyType Caracteres especiales (Extraños) - resultado 400;0e8400-e29b-41d4-a716-446655440001;0e8400-e29b-41d4-a716-446655440002;100;20;1;Operación p2p en proceso;Pago por el almuerzo;0e8400-e29b-41d4-a716-446655440000;0e8400-e29b-41d4-a716-446655440000;1.23E+11;9.88E+11;0e8400-e29b-41d4-a716-446655440000;0e8400-e29b-41d4-a716-446655440000;0e8400-e29b-41d4-a716-446655440000;1;984280280;PEN;984280280;984280281;1;1;44248188;44248188;984280280;984280281;Ricardo Gareca;Juan Roman Riquelme;0e8400-e29b-41d4-a716-446655440000;0e8400-e29b-41d4-a716-446655440012;400;GEN_ALL_01;
86;Registrar operation con currencyType Incorrecto - resultado 400;0e8400-e29b-41d4-a716-446655440001;0e8400-e29b-41d4-a716-446655440002;100;20;1;Operación p2p en proceso;Pago por el almuerzo;0e8400-e29b-41d4-a716-446655440000;0e8400-e29b-41d4-a716-446655440000;1.23E+11;9.88E+11;0e8400-e29b-41d4-a716-446655440000;0e8400-e29b-41d4-a716-446655440000;0e8400-e29b-41d4-a716-446655440000;1;984280280;PEN;984280280;984280281;1;1;44248188;44248188;984280280;984280281;Ricardo Gareca;Juan Roman Riquelme;0e8400-e29b-41d4-a716-446655440000;0e8400-e29b-41d4-a716-446655440012;400;GEN_ALL_01;
87;Registrar operation con destinationContract en blanco - resultado 400;0e8400-e29b-41d4-a716-446655440001;0e8400-e29b-41d4-a716-446655440002;100;20;1;Operación p2p en proceso;Pago por el almuerzo;0e8400-e29b-41d4-a716-446655440000;0e8400-e29b-41d4-a716-446655440000;1.23E+11;9.88E+11;0e8400-e29b-41d4-a716-446655440000;0e8400-e29b-41d4-a716-446655440000;0e8400-e29b-41d4-a716-446655440000;1;984280280;PEN;984280280;984280281;1;1;44248188;44248188;984280280;984280281;Ricardo Gareca;Juan Roman Riquelme;0e8400-e29b-41d4-a716-446655440000;0e8400-e29b-41d4-a716-446655440012;400;GEN_ALL_01;
88;Registrar operation con destinationContract Menor a la cantidad de caracteres permitidos (2) - resultado 400;0e8400-e29b-41d4-a716-446655440001;0e8400-e29b-41d4-a716-446655440002;100;20;1;Operación p2p en proceso;Pago por el almuerzo;0e8400-e29b-41d4-a716-446655440000;0e8400-e29b-41d4-a716-446655440000;1.23E+11;9.88E+11;0e8400-e29b-41d4-a716-446655440000;0e8400-e29b-41d4-a716-446655440000;0e8400-e29b-41d4-a716-446655440000;1;984280280;PEN;984280280;984280281;1;1;44248188;44248188;984280280;984280281;Ricardo Gareca;Juan Roman Riquelme;0e8400-e29b-41d4-a716-446655440000;0e8400-e29b-41d4-a716-446655440012;400;GEN_ALL_01;
89;Registrar operation con destinationContract Mayor a la cantidad de caracteres permitidos (4) - resultado 400;0e8400-e29b-41d4-a716-446655440001;0e8400-e29b-41d4-a716-446655440002;100;20;1;Operación p2p en proceso;Pago por el almuerzo;0e8400-e29b-41d4-a716-446655440000;0e8400-e29b-41d4-a716-446655440000;1.23E+11;9.88E+11;0e8400-e29b-41d4-a716-446655440000;0e8400-e29b-41d4-a716-446655440000;0e8400-e29b-41d4-a716-446655440000;1;984280280;PEN;984280280;984280281;1;1;44248188;44248188;984280280;984280281;Ricardo Gareca;Juan Roman Riquelme;0e8400-e29b-41d4-a716-446655440000;0e8400-e29b-41d4-a716-446655440012;400;GEN_ALL_01;
90;Registrar operation con destinationContract Caracteres especiales (Extraños) - resultado 400;0e8400-e29b-41d4-a716-446655440001;0e8400-e29b-41d4-a716-446655440002;100;20;1;Operación p2p en proceso;Pago por el almuerzo;0e8400-e29b-41d4-a716-446655440000;0e8400-e29b-41d4-a716-446655440000;1.23E+11;9.88E+11;0e8400-e29b-41d4-a716-446655440000;0e8400-e29b-41d4-a716-446655440000;0e8400-e29b-41d4-a716-446655440000;1;984280280;PEN;984280280;984280281;1;1;44248188;44248188;984280280;984280281;Ricardo Gareca;Juan Roman Riquelme;0e8400-e29b-41d4-a716-446655440000;0e8400-e29b-41d4-a716-446655440012;400;GEN_ALL_01;
91;Registrar operation con destinationContract incorrecto - resultado 403;0e8400-e29b-41d4-a716-446655440001;0e8400-e29b-41d4-a716-446655440002;100;20;1;Operación p2p en proceso;Pago por el almuerzo;0e8400-e29b-41d4-a716-446655440000;0e8400-e29b-41d4-a716-446655440000;1.23E+11;9.88E+11;0e8400-e29b-41d4-a716-446655440000;0e8400-e29b-41d4-a716-446655440000;0e8400-e29b-41d4-a716-446655440000;1;984280280;PEN;984280280;984280281;1;1;44248188;44248188;984280280;984280281;Ricardo Gareca;Juan Roman Riquelme;0e8400-e29b-41d4-a716-446655440000;0e8400-e29b-41d4-a716-446655440012;400;GEN_ALL_01;
92;Registrar operation con originContract en blanco - resultado 400;0e8400-e29b-41d4-a716-446655440001;0e8400-e29b-41d4-a716-446655440002;100;20;1;Operación p2p en proceso;Pago por el almuerzo;0e8400-e29b-41d4-a716-446655440000;0e8400-e29b-41d4-a716-446655440000;1.23E+11;9.88E+11;0e8400-e29b-41d4-a716-446655440000;0e8400-e29b-41d4-a716-446655440000;0e8400-e29b-41d4-a716-446655440000;1;984280280;PEN;984280280;984280281;1;1;44248188;44248188;984280280;984280281;Ricardo Gareca;Juan Roman Riquelme;0e8400-e29b-41d4-a716-446655440000;0e8400-e29b-41d4-a716-446655440012;400;GEN_ALL_01;
93;Registrar operation con originContract Menor a la cantidad de caracteres permitidos (1) - resultado 400;0e8400-e29b-41d4-a716-446655440001;0e8400-e29b-41d4-a716-446655440002;100;20;1;Operación p2p en proceso;Pago por el almuerzo;0e8400-e29b-41d4-a716-446655440000;0e8400-e29b-41d4-a716-446655440000;1.23E+11;9.88E+11;0e8400-e29b-41d4-a716-446655440000;0e8400-e29b-41d4-a716-446655440000;0e8400-e29b-41d4-a716-446655440000;1;984280280;PEN;984280280;984280281;1;1;44248188;44248188;984280280;984280281;Ricardo Gareca;Juan Roman Riquelme;0e8400-e29b-41d4-a716-446655440000;0e8400-e29b-41d4-a716-446655440012;400;GEN_ALL_01;
94;Registrar operation con originContract Mayor a la cantidad de caracteres permitidos (301) - resultado 400;0e8400-e29b-41d4-a716-446655440001;0e8400-e29b-41d4-a716-446655440002;100;20;1;Operación p2p en proceso;Pago por el almuerzo;0e8400-e29b-41d4-a716-446655440000;0e8400-e29b-41d4-a716-446655440000;1.23E+11;9.88E+11;0e8400-e29b-41d4-a716-446655440000;0e8400-e29b-41d4-a716-446655440000;0e8400-e29b-41d4-a716-446655440000;1;984280280;PEN;984280280;984280281;1;1;44248188;44248188;984280280;984280281;Ricardo Gareca;Juan Roman Riquelme;0e8400-e29b-41d4-a716-446655440000;0e8400-e29b-41d4-a716-446655440012;400;GEN_ALL_01;
95;Registrar operation con originContract Caracteres especiales (Extraños) - resultado 400;0e8400-e29b-41d4-a716-446655440001;0e8400-e29b-41d4-a716-446655440002;100;20;1;Operación p2p en proceso;Pago por el almuerzo;0e8400-e29b-41d4-a716-446655440000;0e8400-e29b-41d4-a716-446655440000;1.23E+11;9.88E+11;0e8400-e29b-41d4-a716-446655440000;0e8400-e29b-41d4-a716-446655440000;0e8400-e29b-41d4-a716-446655440000;1;984280280;PEN;984280280;984280281;1;1;44248188;44248188;984280280;984280281;Ricardo Gareca;Juan Roman Riquelme;0e8400-e29b-41d4-a716-446655440000;0e8400-e29b-41d4-a716-446655440012;400;GEN_ALL_01;
96;Registrar operation con originContract Incorrecto - resultado 400;0e8400-e29b-41d4-a716-446655440001;0e8400-e29b-41d4-a716-446655440002;100;20;1;Operación p2p en proceso;Pago por el almuerzo;0e8400-e29b-41d4-a716-446655440000;0e8400-e29b-41d4-a716-446655440000;1.23E+11;9.88E+11;0e8400-e29b-41d4-a716-446655440000;0e8400-e29b-41d4-a716-446655440000;0e8400-e29b-41d4-a716-446655440000;1;984280280;PEN;984280280;984280281;1;1;44248188;44248188;984280280;984280281;Ricardo Gareca;Juan Roman Riquelme;0e8400-e29b-41d4-a716-446655440000;0e8400-e29b-41d4-a716-446655440012;400;GEN_ALL_01;
97;Registrar operation con destinationDocumentType en blanco - resultado 400;0e8400-e29b-41d4-a716-446655440001;0e8400-e29b-41d4-a716-446655440002;100;20;1;Operación p2p en proceso;Pago por el almuerzo;0e8400-e29b-41d4-a716-446655440000;0e8400-e29b-41d4-a716-446655440000;1.23E+11;9.88E+11;0e8400-e29b-41d4-a716-446655440000;0e8400-e29b-41d4-a716-446655440000;0e8400-e29b-41d4-a716-446655440000;1;984280280;PEN;984280280;984280281;1;1;44248188;44248188;984280280;984280281;Ricardo Gareca;Juan Roman Riquelme;0e8400-e29b-41d4-a716-446655440000;0e8400-e29b-41d4-a716-446655440012;400;GEN_ALL_01;
98;Registrar operation con destinationDocumentType  Menor a la cantidad de caracteres permitidos (2) - resultado 400;0e8400-e29b-41d4-a716-446655440001;0e8400-e29b-41d4-a716-446655440002;100;20;1;Operación p2p en proceso;Pago por el almuerzo;0e8400-e29b-41d4-a716-446655440000;0e8400-e29b-41d4-a716-446655440000;1.23E+11;9.88E+11;0e8400-e29b-41d4-a716-446655440000;0e8400-e29b-41d4-a716-446655440000;0e8400-e29b-41d4-a716-446655440000;1;984280280;PEN;984280280;984280281;1;1;44248188;44248188;984280280;984280281;Ricardo Gareca;Juan Roman Riquelme;0e8400-e29b-41d4-a716-446655440000;0e8400-e29b-41d4-a716-446655440012;400;GEN_ALL_01;
99;Registrar operation con destinationDocumentType Mayor a la cantidad de caracteres permitidos (4) - resultado 400;0e8400-e29b-41d4-a716-446655440001;0e8400-e29b-41d4-a716-446655440002;100;20;1;Operación p2p en proceso;Pago por el almuerzo;0e8400-e29b-41d4-a716-446655440000;0e8400-e29b-41d4-a716-446655440000;1.23E+11;9.88E+11;0e8400-e29b-41d4-a716-446655440000;0e8400-e29b-41d4-a716-446655440000;0e8400-e29b-41d4-a716-446655440000;1;984280280;PEN;984280280;984280281;1;1;44248188;44248188;984280280;984280281;Ricardo Gareca;Juan Roman Riquelme;0e8400-e29b-41d4-a716-446655440000;0e8400-e29b-41d4-a716-446655440012;400;GEN_ALL_01;
100;Registrar operation con destinationDocumentType Caracteres especiales (Extraños) - resultado 400;0e8400-e29b-41d4-a716-446655440001;0e8400-e29b-41d4-a716-446655440002;100;20;1;Operación p2p en proceso;Pago por el almuerzo;0e8400-e29b-41d4-a716-446655440000;0e8400-e29b-41d4-a716-446655440000;1.23E+11;9.88E+11;0e8400-e29b-41d4-a716-446655440000;0e8400-e29b-41d4-a716-446655440000;0e8400-e29b-41d4-a716-446655440000;1;984280280;PEN;984280280;984280281;1;1;44248188;44248188;984280280;984280281;Ricardo Gareca;Juan Roman Riquelme;0e8400-e29b-41d4-a716-446655440000;0e8400-e29b-41d4-a716-446655440012;400;GEN_ALL_01;
101;Registrar operation con destinationDocumentType Incorrecto - resultado 400;0e8400-e29b-41d4-a716-446655440001;0e8400-e29b-41d4-a716-446655440002;100;20;1;Operación p2p en proceso;Pago por el almuerzo;0e8400-e29b-41d4-a716-446655440000;0e8400-e29b-41d4-a716-446655440000;1.23E+11;9.88E+11;0e8400-e29b-41d4-a716-446655440000;0e8400-e29b-41d4-a716-446655440000;0e8400-e29b-41d4-a716-446655440000;1;984280280;PEN;984280280;984280281;1;1;44248188;44248188;984280280;984280281;Ricardo Gareca;Juan Roman Riquelme;0e8400-e29b-41d4-a716-446655440000;0e8400-e29b-41d4-a716-446655440012;400;GEN_ALL_01;
102;Registrar operation con originDocumentType en blanco - resultado 400;0e8400-e29b-41d4-a716-446655440001;0e8400-e29b-41d4-a716-446655440002;100;20;1;Operación p2p en proceso;Pago por el almuerzo;0e8400-e29b-41d4-a716-446655440000;0e8400-e29b-41d4-a716-446655440000;1.23E+11;9.88E+11;0e8400-e29b-41d4-a716-446655440000;0e8400-e29b-41d4-a716-446655440000;0e8400-e29b-41d4-a716-446655440000;1;984280280;PEN;984280280;984280281;1;1;44248188;44248188;984280280;984280281;Ricardo Gareca;Juan Roman Riquelme;0e8400-e29b-41d4-a716-446655440000;0e8400-e29b-41d4-a716-446655440012;400;GEN_ALL_01;
103;Registrar operation con originDocumentType Menor a la cantidad de caracteres permitidos (2) - resultado 400;0e8400-e29b-41d4-a716-446655440001;0e8400-e29b-41d4-a716-446655440002;100;20;1;Operación p2p en proceso;Pago por el almuerzo;0e8400-e29b-41d4-a716-446655440000;0e8400-e29b-41d4-a716-446655440000;1.23E+11;9.88E+11;0e8400-e29b-41d4-a716-446655440000;0e8400-e29b-41d4-a716-446655440000;0e8400-e29b-41d4-a716-446655440000;1;984280280;PEN;984280280;984280281;1;1;44248188;44248188;984280280;984280281;Ricardo Gareca;Juan Roman Riquelme;0e8400-e29b-41d4-a716-446655440000;0e8400-e29b-41d4-a716-446655440012;400;GEN_ALL_01;
104;Registrar operation con originDocumentType Mayor a la cantidad de caracteres permitidos (4) - resultado 400;0e8400-e29b-41d4-a716-446655440001;0e8400-e29b-41d4-a716-446655440002;100;20;1;Operación p2p en proceso;Pago por el almuerzo;0e8400-e29b-41d4-a716-446655440000;0e8400-e29b-41d4-a716-446655440000;1.23E+11;9.88E+11;0e8400-e29b-41d4-a716-446655440000;0e8400-e29b-41d4-a716-446655440000;0e8400-e29b-41d4-a716-446655440000;1;984280280;PEN;984280280;984280281;1;1;44248188;44248188;984280280;984280281;Ricardo Gareca;Juan Roman Riquelme;0e8400-e29b-41d4-a716-446655440000;0e8400-e29b-41d4-a716-446655440012;400;GEN_ALL_01;
105;Registrar operation con originDocumentType Caracteres especiales (Extraños) - resultado 400;0e8400-e29b-41d4-a716-446655440001;0e8400-e29b-41d4-a716-446655440002;100;20;1;Operación p2p en proceso;Pago por el almuerzo;0e8400-e29b-41d4-a716-446655440000;0e8400-e29b-41d4-a716-446655440000;1.23E+11;9.88E+11;0e8400-e29b-41d4-a716-446655440000;0e8400-e29b-41d4-a716-446655440000;0e8400-e29b-41d4-a716-446655440000;1;984280280;PEN;984280280;984280281;1;1;44248188;44248188;984280280;984280281;Ricardo Gareca;Juan Roman Riquelme;0e8400-e29b-41d4-a716-446655440000;0e8400-e29b-41d4-a716-446655440012;400;GEN_ALL_01;
106;Registrar operation con originDocumentType incorrecto - resultado 403;0e8400-e29b-41d4-a716-446655440001;0e8400-e29b-41d4-a716-446655440002;100;20;1;Operación p2p en proceso;Pago por el almuerzo;0e8400-e29b-41d4-a716-446655440000;0e8400-e29b-41d4-a716-446655440000;1.23E+11;9.88E+11;0e8400-e29b-41d4-a716-446655440000;0e8400-e29b-41d4-a716-446655440000;0e8400-e29b-41d4-a716-446655440000;1;984280280;PEN;984280280;984280281;1;1;44248188;44248188;984280280;984280281;Ricardo Gareca;Juan Roman Riquelme;0e8400-e29b-41d4-a716-446655440000;0e8400-e29b-41d4-a716-446655440012;400;GEN_ALL_01;
107;Registrar operation con destinationDocumentNumber en blanco - resultado 400;0e8400-e29b-41d4-a716-446655440001;0e8400-e29b-41d4-a716-446655440002;100;20;1;Operación p2p en proceso;Pago por el almuerzo;0e8400-e29b-41d4-a716-446655440000;0e8400-e29b-41d4-a716-446655440000;1.23E+11;9.88E+11;0e8400-e29b-41d4-a716-446655440000;0e8400-e29b-41d4-a716-446655440000;0e8400-e29b-41d4-a716-446655440000;1;984280280;PEN;984280280;984280281;1;1;44248188;44248188;984280280;984280281;Ricardo Gareca;Juan Roman Riquelme;0e8400-e29b-41d4-a716-446655440000;0e8400-e29b-41d4-a716-446655440012;400;GEN_ALL_01;
108;Registrar operation con destinationDocumentNumber Menor a la cantidad de caracteres permitidos (1) - resultado 400;0e8400-e29b-41d4-a716-446655440001;0e8400-e29b-41d4-a716-446655440002;100;20;1;Operación p2p en proceso;Pago por el almuerzo;0e8400-e29b-41d4-a716-446655440000;0e8400-e29b-41d4-a716-446655440000;1.23E+11;9.88E+11;0e8400-e29b-41d4-a716-446655440000;0e8400-e29b-41d4-a716-446655440000;0e8400-e29b-41d4-a716-446655440000;1;984280280;PEN;984280280;984280281;1;1;44248188;44248188;984280280;984280281;Ricardo Gareca;Juan Roman Riquelme;0e8400-e29b-41d4-a716-446655440000;0e8400-e29b-41d4-a716-446655440012;400;GEN_ALL_01;
109;Registrar operation con destinationDocumentNumber Mayor a la cantidad de caracteres permitidos (301) - resultado 400;0e8400-e29b-41d4-a716-446655440001;0e8400-e29b-41d4-a716-446655440002;100;20;1;Operación p2p en proceso;Pago por el almuerzo;0e8400-e29b-41d4-a716-446655440000;0e8400-e29b-41d4-a716-446655440000;1.23E+11;9.88E+11;0e8400-e29b-41d4-a716-446655440000;0e8400-e29b-41d4-a716-446655440000;0e8400-e29b-41d4-a716-446655440000;1;984280280;PEN;984280280;984280281;1;1;44248188;44248188;984280280;984280281;Ricardo Gareca;Juan Roman Riquelme;0e8400-e29b-41d4-a716-446655440000;0e8400-e29b-41d4-a716-446655440012;400;GEN_ALL_01;
110;Registrar operation con destinationDocumentNumber Caracteres especiales (Extraños) - resultado 400;0e8400-e29b-41d4-a716-446655440001;0e8400-e29b-41d4-a716-446655440002;100;20;1;Operación p2p en proceso;Pago por el almuerzo;0e8400-e29b-41d4-a716-446655440000;0e8400-e29b-41d4-a716-446655440000;1.23E+11;9.88E+11;0e8400-e29b-41d4-a716-446655440000;0e8400-e29b-41d4-a716-446655440000;0e8400-e29b-41d4-a716-446655440000;1;984280280;PEN;984280280;984280281;1;1;44248188;44248188;984280280;984280281;Ricardo Gareca;Juan Roman Riquelme;0e8400-e29b-41d4-a716-446655440000;0e8400-e29b-41d4-a716-446655440012;400;GEN_ALL_01;
111;Registrar operation con destinationDocumentNumber Incorrecto - resultado 400;0e8400-e29b-41d4-a716-446655440001;0e8400-e29b-41d4-a716-446655440002;100;20;1;Operación p2p en proceso;Pago por el almuerzo;0e8400-e29b-41d4-a716-446655440000;0e8400-e29b-41d4-a716-446655440000;1.23E+11;9.88E+11;0e8400-e29b-41d4-a716-446655440000;0e8400-e29b-41d4-a716-446655440000;0e8400-e29b-41d4-a716-446655440000;1;984280280;PEN;984280280;984280281;1;1;44248188;44248188;984280280;984280281;Ricardo Gareca;Juan Roman Riquelme;0e8400-e29b-41d4-a716-446655440000;0e8400-e29b-41d4-a716-446655440012;400;GEN_ALL_01;
112;Registrar operation con originDocumentNumber en blanco - resultado 400;0e8400-e29b-41d4-a716-446655440001;0e8400-e29b-41d4-a716-446655440002;100;20;1;Operación p2p en proceso;Pago por el almuerzo;0e8400-e29b-41d4-a716-446655440000;0e8400-e29b-41d4-a716-446655440000;1.23E+11;9.88E+11;0e8400-e29b-41d4-a716-446655440000;0e8400-e29b-41d4-a716-446655440000;0e8400-e29b-41d4-a716-446655440000;1;984280280;PEN;984280280;984280281;1;1;44248188;44248188;984280280;984280281;Ricardo Gareca;Juan Roman Riquelme;0e8400-e29b-41d4-a716-446655440000;0e8400-e29b-41d4-a716-446655440012;400;GEN_ALL_01;
113;Registrar operation con originDocumentNumber Menor a la cantidad de caracteres permitidos (2) - resultado 400;0e8400-e29b-41d4-a716-446655440001;0e8400-e29b-41d4-a716-446655440002;100;20;1;Operación p2p en proceso;Pago por el almuerzo;0e8400-e29b-41d4-a716-446655440000;0e8400-e29b-41d4-a716-446655440000;1.23E+11;9.88E+11;0e8400-e29b-41d4-a716-446655440000;0e8400-e29b-41d4-a716-446655440000;0e8400-e29b-41d4-a716-446655440000;1;984280280;PEN;984280280;984280281;1;1;44248188;44248188;984280280;984280281;Ricardo Gareca;Juan Roman Riquelme;0e8400-e29b-41d4-a716-446655440000;0e8400-e29b-41d4-a716-446655440012;400;GEN_ALL_01;
114;Registrar operation con originDocumentNumber Mayor a la cantidad de caracteres permitidos (4) - resultado 400;0e8400-e29b-41d4-a716-446655440001;0e8400-e29b-41d4-a716-446655440002;100;20;1;Operación p2p en proceso;Pago por el almuerzo;0e8400-e29b-41d4-a716-446655440000;0e8400-e29b-41d4-a716-446655440000;1.23E+11;9.88E+11;0e8400-e29b-41d4-a716-446655440000;0e8400-e29b-41d4-a716-446655440000;0e8400-e29b-41d4-a716-446655440000;1;984280280;PEN;984280280;984280281;1;1;44248188;44248188;984280280;984280281;Ricardo Gareca;Juan Roman Riquelme;0e8400-e29b-41d4-a716-446655440000;0e8400-e29b-41d4-a716-446655440012;400;GEN_ALL_01;
115;Registrar operation con originDocumentNumber Caracteres especiales (Extraños) - resultado 400;0e8400-e29b-41d4-a716-446655440001;0e8400-e29b-41d4-a716-446655440002;100;20;1;Operación p2p en proceso;Pago por el almuerzo;0e8400-e29b-41d4-a716-446655440000;0e8400-e29b-41d4-a716-446655440000;1.23E+11;9.88E+11;0e8400-e29b-41d4-a716-446655440000;0e8400-e29b-41d4-a716-446655440000;0e8400-e29b-41d4-a716-446655440000;1;984280280;PEN;984280280;984280281;1;1;44248188;44248188;984280280;984280281;Ricardo Gareca;Juan Roman Riquelme;0e8400-e29b-41d4-a716-446655440000;0e8400-e29b-41d4-a716-446655440012;400;GEN_ALL_01;
116;Registrar operation con originDocumentNumber Incorrecto - resultado 400;0e8400-e29b-41d4-a716-446655440001;0e8400-e29b-41d4-a716-446655440002;100;20;1;Operación p2p en proceso;Pago por el almuerzo;0e8400-e29b-41d4-a716-446655440000;0e8400-e29b-41d4-a716-446655440000;1.23E+11;9.88E+11;0e8400-e29b-41d4-a716-446655440000;0e8400-e29b-41d4-a716-446655440000;0e8400-e29b-41d4-a716-446655440000;1;984280280;PEN;984280280;984280281;1;1;44248188;44248188;984280280;984280281;Ricardo Gareca;Juan Roman Riquelme;0e8400-e29b-41d4-a716-446655440000;0e8400-e29b-41d4-a716-446655440012;400;GEN_ALL_01;
117;Registrar operation con destinationPhoneNumber en blanco - resultado 400;0e8400-e29b-41d4-a716-446655440001;0e8400-e29b-41d4-a716-446655440002;100;20;1;Operación p2p en proceso;Pago por el almuerzo;0e8400-e29b-41d4-a716-446655440000;0e8400-e29b-41d4-a716-446655440000;1.23E+11;9.88E+11;0e8400-e29b-41d4-a716-446655440000;0e8400-e29b-41d4-a716-446655440000;0e8400-e29b-41d4-a716-446655440000;1;984280280;PEN;984280280;984280281;1;1;44248188;44248188;984280280;984280281;Ricardo Gareca;Juan Roman Riquelme;0e8400-e29b-41d4-a716-446655440000;0e8400-e29b-41d4-a716-446655440012;400;GEN_ALL_01;
118;Registrar operation con destinationPhoneNumber Menor a la cantidad de caracteres permitidos (2) - resultado 400;0e8400-e29b-41d4-a716-446655440001;0e8400-e29b-41d4-a716-446655440002;100;20;1;Operación p2p en proceso;Pago por el almuerzo;0e8400-e29b-41d4-a716-446655440000;0e8400-e29b-41d4-a716-446655440000;1.23E+11;9.88E+11;0e8400-e29b-41d4-a716-446655440000;0e8400-e29b-41d4-a716-446655440000;0e8400-e29b-41d4-a716-446655440000;1;984280280;PEN;984280280;984280281;1;1;44248188;44248188;984280280;984280281;Ricardo Gareca;Juan Roman Riquelme;0e8400-e29b-41d4-a716-446655440000;0e8400-e29b-41d4-a716-446655440012;400;GEN_ALL_01;
119;Registrar operation con destinationPhoneNumber Mayor a la cantidad de caracteres permitidos (4) - resultado 400;0e8400-e29b-41d4-a716-446655440001;0e8400-e29b-41d4-a716-446655440002;100;20;1;Operación p2p en proceso;Pago por el almuerzo;0e8400-e29b-41d4-a716-446655440000;0e8400-e29b-41d4-a716-446655440000;1.23E+11;9.88E+11;0e8400-e29b-41d4-a716-446655440000;0e8400-e29b-41d4-a716-446655440000;0e8400-e29b-41d4-a716-446655440000;1;984280280;PEN;984280280;984280281;1;1;44248188;44248188;984280280;984280281;Ricardo Gareca;Juan Roman Riquelme;0e8400-e29b-41d4-a716-446655440000;0e8400-e29b-41d4-a716-446655440012;400;GEN_ALL_01;
120;Registrar operation con destinationPhoneNumber Caracteres especiales (Extraños) - resultado 400;0e8400-e29b-41d4-a716-446655440001;0e8400-e29b-41d4-a716-446655440002;100;20;1;Operación p2p en proceso;Pago por el almuerzo;0e8400-e29b-41d4-a716-446655440000;0e8400-e29b-41d4-a716-446655440000;1.23E+11;9.88E+11;0e8400-e29b-41d4-a716-446655440000;0e8400-e29b-41d4-a716-446655440000;0e8400-e29b-41d4-a716-446655440000;1;984280280;PEN;984280280;984280281;1;1;44248188;44248188;984280280;984280281;Ricardo Gareca;Juan Roman Riquelme;0e8400-e29b-41d4-a716-446655440000;0e8400-e29b-41d4-a716-446655440012;400;GEN_ALL_01;
121;Registrar operation con destinationPhoneNumber incorrecto - resultado 403;0e8400-e29b-41d4-a716-446655440001;0e8400-e29b-41d4-a716-446655440002;100;20;1;Operación p2p en proceso;Pago por el almuerzo;0e8400-e29b-41d4-a716-446655440000;0e8400-e29b-41d4-a716-446655440000;1.23E+11;9.88E+11;0e8400-e29b-41d4-a716-446655440000;0e8400-e29b-41d4-a716-446655440000;0e8400-e29b-41d4-a716-446655440000;1;984280280;PEN;984280280;984280281;1;1;44248188;44248188;984280280;984280281;Ricardo Gareca;Juan Roman Riquelme;0e8400-e29b-41d4-a716-446655440000;0e8400-e29b-41d4-a716-446655440012;400;GEN_ALL_01;
122;Registrar operation con originPhoneNumber en blanco - resultado 400;0e8400-e29b-41d4-a716-446655440001;0e8400-e29b-41d4-a716-446655440002;100;20;1;Operación p2p en proceso;Pago por el almuerzo;0e8400-e29b-41d4-a716-446655440000;0e8400-e29b-41d4-a716-446655440000;1.23E+11;9.88E+11;0e8400-e29b-41d4-a716-446655440000;0e8400-e29b-41d4-a716-446655440000;0e8400-e29b-41d4-a716-446655440000;1;984280280;PEN;984280280;984280281;1;1;44248188;44248188;984280280;984280281;Ricardo Gareca;Juan Roman Riquelme;0e8400-e29b-41d4-a716-446655440000;0e8400-e29b-41d4-a716-446655440012;400;GEN_ALL_01;
123;Registrar operation con originPhoneNumber Menor a la cantidad de caracteres permitidos (2) - resultado 400;0e8400-e29b-41d4-a716-446655440001;0e8400-e29b-41d4-a716-446655440002;100;20;1;Operación p2p en proceso;Pago por el almuerzo;0e8400-e29b-41d4-a716-446655440000;0e8400-e29b-41d4-a716-446655440000;1.23E+11;9.88E+11;0e8400-e29b-41d4-a716-446655440000;0e8400-e29b-41d4-a716-446655440000;0e8400-e29b-41d4-a716-446655440000;1;984280280;PEN;984280280;984280281;1;1;44248188;44248188;984280280;984280281;Ricardo Gareca;Juan Roman Riquelme;0e8400-e29b-41d4-a716-446655440000;0e8400-e29b-41d4-a716-446655440012;400;GEN_ALL_01;
124;Registrar operation con originPhoneNumber Mayor a la cantidad de caracteres permitidos (4) - resultado 400;0e8400-e29b-41d4-a716-446655440001;0e8400-e29b-41d4-a716-446655440002;100;20;1;Operación p2p en proceso;Pago por el almuerzo;0e8400-e29b-41d4-a716-446655440000;0e8400-e29b-41d4-a716-446655440000;1.23E+11;9.88E+11;0e8400-e29b-41d4-a716-446655440000;0e8400-e29b-41d4-a716-446655440000;0e8400-e29b-41d4-a716-446655440000;1;984280280;PEN;984280280;984280281;1;1;44248188;44248188;984280280;984280281;Ricardo Gareca;Juan Roman Riquelme;0e8400-e29b-41d4-a716-446655440000;0e8400-e29b-41d4-a716-446655440012;400;GEN_ALL_01;
125;Registrar operation con originPhoneNumber Caracteres especiales (Extraños) - resultado 400;0e8400-e29b-41d4-a716-446655440001;0e8400-e29b-41d4-a716-446655440002;100;20;1;Operación p2p en proceso;Pago por el almuerzo;0e8400-e29b-41d4-a716-446655440000;0e8400-e29b-41d4-a716-446655440000;1.23E+11;9.88E+11;0e8400-e29b-41d4-a716-446655440000;0e8400-e29b-41d4-a716-446655440000;0e8400-e29b-41d4-a716-446655440000;1;984280280;PEN;984280280;984280281;1;1;44248188;44248188;984280280;984280281;Ricardo Gareca;Juan Roman Riquelme;0e8400-e29b-41d4-a716-446655440000;0e8400-e29b-41d4-a716-446655440012;400;GEN_ALL_01;
126;Registrar operation con originPhoneNumber incorrecto - resultado 403;0e8400-e29b-41d4-a716-446655440001;0e8400-e29b-41d4-a716-446655440002;100;20;1;Operación p2p en proceso;Pago por el almuerzo;0e8400-e29b-41d4-a716-446655440000;0e8400-e29b-41d4-a716-446655440000;1.23E+11;9.88E+11;0e8400-e29b-41d4-a716-446655440000;0e8400-e29b-41d4-a716-446655440000;0e8400-e29b-41d4-a716-446655440000;1;984280280;PEN;984280280;984280281;1;1;44248188;44248188;984280280;984280281;Ricardo Gareca;Juan Roman Riquelme;0e8400-e29b-41d4-a716-446655440000;0e8400-e29b-41d4-a716-446655440012;400;GEN_ALL_01;
127;Registrar operation con destinationCustomerName en blanco - resultado 400;0e8400-e29b-41d4-a716-446655440001;0e8400-e29b-41d4-a716-446655440002;100;20;1;Operación p2p en proceso;Pago por el almuerzo;0e8400-e29b-41d4-a716-446655440000;0e8400-e29b-41d4-a716-446655440000;1.23E+11;9.88E+11;0e8400-e29b-41d4-a716-446655440000;0e8400-e29b-41d4-a716-446655440000;0e8400-e29b-41d4-a716-446655440000;1;984280280;PEN;984280280;984280281;1;1;44248188;44248188;984280280;984280281;Ricardo Gareca;Juan Roman Riquelme;0e8400-e29b-41d4-a716-446655440000;0e8400-e29b-41d4-a716-446655440012;400;GEN_ALL_01;
128;Registrar operation con destinationCustomerName Menor a la cantidad de caracteres permitidos (2) - resultado 400;0e8400-e29b-41d4-a716-446655440001;0e8400-e29b-41d4-a716-446655440002;100;20;1;Operación p2p en proceso;Pago por el almuerzo;0e8400-e29b-41d4-a716-446655440000;0e8400-e29b-41d4-a716-446655440000;1.23E+11;9.88E+11;0e8400-e29b-41d4-a716-446655440000;0e8400-e29b-41d4-a716-446655440000;0e8400-e29b-41d4-a716-446655440000;1;984280280;PEN;984280280;984280281;1;1;44248188;44248188;984280280;984280281;Ricardo Gareca;Juan Roman Riquelme;0e8400-e29b-41d4-a716-446655440000;0e8400-e29b-41d4-a716-446655440012;400;GEN_ALL_01;
129;Registrar operation con destinationCustomerName Mayor a la cantidad de caracteres permitidos (4) - resultado 400;0e8400-e29b-41d4-a716-446655440001;0e8400-e29b-41d4-a716-446655440002;100;20;1;Operación p2p en proceso;Pago por el almuerzo;0e8400-e29b-41d4-a716-446655440000;0e8400-e29b-41d4-a716-446655440000;1.23E+11;9.88E+11;0e8400-e29b-41d4-a716-446655440000;0e8400-e29b-41d4-a716-446655440000;0e8400-e29b-41d4-a716-446655440000;1;984280280;PEN;984280280;984280281;1;1;44248188;44248188;984280280;984280281;Ricardo Gareca;Juan Roman Riquelme;0e8400-e29b-41d4-a716-446655440000;0e8400-e29b-41d4-a716-446655440012;400;GEN_ALL_01;
130;Registrar operation con destinationCustomerName Caracteres especiales (Extraños) - resultado 400;0e8400-e29b-41d4-a716-446655440001;0e8400-e29b-41d4-a716-446655440002;100;20;1;Operación p2p en proceso;Pago por el almuerzo;0e8400-e29b-41d4-a716-446655440000;0e8400-e29b-41d4-a716-446655440000;1.23E+11;9.88E+11;0e8400-e29b-41d4-a716-446655440000;0e8400-e29b-41d4-a716-446655440000;0e8400-e29b-41d4-a716-446655440000;1;984280280;PEN;984280280;984280281;1;1;44248188;44248188;984280280;984280281;Ricardo Gareca;Juan Roman Riquelme;0e8400-e29b-41d4-a716-446655440000;0e8400-e29b-41d4-a716-446655440012;400;GEN_ALL_01;
131;Registrar operation con destinationCustomerName incorrecto - resultado 403;0e8400-e29b-41d4-a716-446655440001;0e8400-e29b-41d4-a716-446655440002;100;20;1;Operación p2p en proceso;Pago por el almuerzo;0e8400-e29b-41d4-a716-446655440000;0e8400-e29b-41d4-a716-446655440000;1.23E+11;9.88E+11;0e8400-e29b-41d4-a716-446655440000;0e8400-e29b-41d4-a716-446655440000;0e8400-e29b-41d4-a716-446655440000;1;984280280;PEN;984280280;984280281;1;1;44248188;44248188;984280280;984280281;Ricardo Gareca;Juan Roman Riquelme;0e8400-e29b-41d4-a716-446655440000;0e8400-e29b-41d4-a716-446655440012;400;GEN_ALL_01;
132;Registrar operation con originCustomerName en blanco - resultado 400;0e8400-e29b-41d4-a716-446655440001;0e8400-e29b-41d4-a716-446655440002;100;20;1;Operación p2p en proceso;Pago por el almuerzo;0e8400-e29b-41d4-a716-446655440000;0e8400-e29b-41d4-a716-446655440000;1.23E+11;9.88E+11;0e8400-e29b-41d4-a716-446655440000;0e8400-e29b-41d4-a716-446655440000;0e8400-e29b-41d4-a716-446655440000;1;984280280;PEN;984280280;984280281;1;1;44248188;44248188;984280280;984280281;Ricardo Gareca;Juan Roman Riquelme;0e8400-e29b-41d4-a716-446655440000;0e8400-e29b-41d4-a716-446655440012;400;GEN_ALL_01;
133;Registrar operation con originCustomerName Menor a la cantidad de caracteres permitidos (2) - resultado 400;0e8400-e29b-41d4-a716-446655440001;0e8400-e29b-41d4-a716-446655440002;100;20;1;Operación p2p en proceso;Pago por el almuerzo;0e8400-e29b-41d4-a716-446655440000;0e8400-e29b-41d4-a716-446655440000;1.23E+11;9.88E+11;0e8400-e29b-41d4-a716-446655440000;0e8400-e29b-41d4-a716-446655440000;0e8400-e29b-41d4-a716-446655440000;1;984280280;PEN;984280280;984280281;1;1;44248188;44248188;984280280;984280281;Ricardo Gareca;Juan Roman Riquelme;0e8400-e29b-41d4-a716-446655440000;0e8400-e29b-41d4-a716-446655440012;400;GEN_ALL_01;
134;Registrar operation con originCustomerName Mayor a la cantidad de caracteres permitidos (4) - resultado 400;0e8400-e29b-41d4-a716-446655440001;0e8400-e29b-41d4-a716-446655440002;100;20;1;Operación p2p en proceso;Pago por el almuerzo;0e8400-e29b-41d4-a716-446655440000;0e8400-e29b-41d4-a716-446655440000;1.23E+11;9.88E+11;0e8400-e29b-41d4-a716-446655440000;0e8400-e29b-41d4-a716-446655440000;0e8400-e29b-41d4-a716-446655440000;1;984280280;PEN;984280280;984280281;1;1;44248188;44248188;984280280;984280281;Ricardo Gareca;Juan Roman Riquelme;0e8400-e29b-41d4-a716-446655440000;0e8400-e29b-41d4-a716-446655440012;400;GEN_ALL_01;
135;Registrar operation con originCustomerName Caracteres especiales (Extraños) - resultado 400;0e8400-e29b-41d4-a716-446655440001;0e8400-e29b-41d4-a716-446655440002;100;20;1;Operación p2p en proceso;Pago por el almuerzo;0e8400-e29b-41d4-a716-446655440000;0e8400-e29b-41d4-a716-446655440000;1.23E+11;9.88E+11;0e8400-e29b-41d4-a716-446655440000;0e8400-e29b-41d4-a716-446655440000;0e8400-e29b-41d4-a716-446655440000;1;984280280;PEN;984280280;984280281;1;1;44248188;44248188;984280280;984280281;Ricardo Gareca;Juan Roman Riquelme;0e8400-e29b-41d4-a716-446655440000;0e8400-e29b-41d4-a716-446655440012;400;GEN_ALL_01;
136;Registrar operation con originCustomerName incorrecto - resultado 403;0e8400-e29b-41d4-a716-446655440001;0e8400-e29b-41d4-a716-446655440002;100;20;1;Operación p2p en proceso;Pago por el almuerzo;0e8400-e29b-41d4-a716-446655440000;0e8400-e29b-41d4-a716-446655440000;1.23E+11;9.88E+11;0e8400-e29b-41d4-a716-446655440000;0e8400-e29b-41d4-a716-446655440000;0e8400-e29b-41d4-a716-446655440000;1;984280280;PEN;984280280;984280281;1;1;44248188;44248188;984280280;984280281;Ricardo Gareca;Juan Roman Riquelme;0e8400-e29b-41d4-a716-446655440000;0e8400-e29b-41d4-a716-446655440012;400;GEN_ALL_01;
137;Registrar operation con originDeviceId en blanco - resultado 400;0e8400-e29b-41d4-a716-446655440001;0e8400-e29b-41d4-a716-446655440002;100;20;1;Operación p2p en proceso;Pago por el almuerzo;0e8400-e29b-41d4-a716-446655440000;0e8400-e29b-41d4-a716-446655440000;1.23E+11;9.88E+11;0e8400-e29b-41d4-a716-446655440000;0e8400-e29b-41d4-a716-446655440000;0e8400-e29b-41d4-a716-446655440000;1;984280280;PEN;984280280;984280281;1;1;44248188;44248188;984280280;984280281;Ricardo Gareca;Juan Roman Riquelme;0e8400-e29b-41d4-a716-446655440000;0e8400-e29b-41d4-a716-446655440012;400;GEN_ALL_01;
138;Registrar operation con originDeviceId Menor a la cantidad de caracteres permitidos (2) - resultado 400;0e8400-e29b-41d4-a716-446655440001;0e8400-e29b-41d4-a716-446655440002;100;20;1;Operación p2p en proceso;Pago por el almuerzo;0e8400-e29b-41d4-a716-446655440000;0e8400-e29b-41d4-a716-446655440000;1.23E+11;9.88E+11;0e8400-e29b-41d4-a716-446655440000;0e8400-e29b-41d4-a716-446655440000;0e8400-e29b-41d4-a716-446655440000;1;984280280;PEN;984280280;984280281;1;1;44248188;44248188;984280280;984280281;Ricardo Gareca;Juan Roman Riquelme;0e8400-e29b-41d4-a716-446655440000;0e8400-e29b-41d4-a716-446655440012;400;GEN_ALL_01;
139;Registrar operation con originDeviceId Mayor a la cantidad de caracteres permitidos (4) - resultado 400;0e8400-e29b-41d4-a716-446655440001;0e8400-e29b-41d4-a716-446655440002;100;20;1;Operación p2p en proceso;Pago por el almuerzo;0e8400-e29b-41d4-a716-446655440000;0e8400-e29b-41d4-a716-446655440000;1.23457E+11;9.88E+11;0e8400-e29b-41d4-a716-446655440000;0e8400-e29b-41d4-a716-446655440000;0e8400-e29b-41d4-a716-446655440000;1;984280280;PEN;984280280;984280281;1;1;44248188;44248188;984280280;984280281;Ricardo Gareca;Juan Roman Riquelme;0e8400-e29b-41d4-a716-446655440000;0e8400-e29b-41d4-a716-446655440012;400;GEN_ALL_01;
140;Registrar operation con originDeviceId Caracteres especiales (Extraños) - resultado 400;0e8400-e29b-41d4-a716-446655440001;0e8400-e29b-41d4-a716-446655440002;100;20;1;Operación p2p en proceso;Pago por el almuerzo;0e8400-e29b-41d4-a716-446655440000;0e8400-e29b-41d4-a716-446655440000;1.23E+11;9.88E+11;0e8400-e29b-41d4-a716-446655440000;0e8400-e29b-41d4-a716-446655440000;0e8400-e29b-41d4-a716-446655440000;1;984280280;PEN;984280280;984280281;1;1;44248188;44248188;984280280;984280281;Ricardo Gareca;Juan Roman Riquelme;0e8400-e29b-41d4-a716-446655440000;0e8400-e29b-41d4-a716-446655440012;400;GEN_ALL_01;
141;Registrar operation con originDeviceId incorrecto - resultado 403;0e8400-e29b-41d4-a716-446655440001;0e8400-e29b-41d4-a716-446655440002;100;20;1;Operación p2p en proceso;Pago por el almuerzo;0e8400-e29b-41d4-a716-446655440000;0e8400-e29b-41d4-a716-446655440000;1.23E+11;9.88E+11;0e8400-e29b-41d4-a716-446655440000;0e8400-e29b-41d4-a716-446655440000;0e8400-e29b-41d4-a716-446655440000;1;984280280;PEN;984280280;984280281;1;1;44248188;44248188;984280280;984280281;Ricardo Gareca;Juan Roman Riquelme;0e8400-e29b-41d4-a716-446655440000;0e8400-e29b-41d4-a716-446655440012;400;GEN_ALL_01;
142;Registrar operation con destinationDeviceId en blanco - resultado 400;0e8400-e29b-41d4-a716-446655440001;0e8400-e29b-41d4-a716-446655440002;100;20;1;Operación p2p en proceso;Pago por el almuerzo;0e8400-e29b-41d4-a716-446655440000;0e8400-e29b-41d4-a716-446655440000;1.23457E+11;9.88E+11;0e8400-e29b-41d4-a716-446655440000;0e8400-e29b-41d4-a716-446655440000;0e8400-e29b-41d4-a716-446655440000;1;984280280;PEN;984280280;984280281;1;1;44248188;44248188;984280280;984280281;Ricardo Gareca;Juan Roman Riquelme;0e8400-e29b-41d4-a716-446655440000;0e8400-e29b-41d4-a716-446655440012;400;GEN_ALL_01;
143;Registrar operation con destinationDeviceId Menor a la cantidad de caracteres permitidos (2) - resultado 400;0e8400-e29b-41d4-a716-446655440001;0e8400-e29b-41d4-a716-446655440002;100;20;1;Operación p2p en proceso;Pago por el almuerzo;0e8400-e29b-41d4-a716-446655440000;0e8400-e29b-41d4-a716-446655440000;1.23E+11;9.88E+11;0e8400-e29b-41d4-a716-446655440000;0e8400-e29b-41d4-a716-446655440000;0e8400-e29b-41d4-a716-446655440000;1;984280280;PEN;984280280;984280281;1;1;44248188;44248188;984280280;984280281;Ricardo Gareca;Juan Roman Riquelme;0e8400-e29b-41d4-a716-446655440000;0e8400-e29b-41d4-a716-446655440012;400;GEN_ALL_01;
144;Registrar operation con destinationDeviceId Mayor a la cantidad de caracteres permitidos (4) - resultado 400;0e8400-e29b-41d4-a716-446655440001;0e8400-e29b-41d4-a716-446655440002;100;20;1;Operación p2p en proceso;Pago por el almuerzo;0e8400-e29b-41d4-a716-446655440000;0e8400-e29b-41d4-a716-446655440000;1.23E+11;9.88E+11;0e8400-e29b-41d4-a716-446655440000;0e8400-e29b-41d4-a716-446655440000;0e8400-e29b-41d4-a716-446655440000;1;984280280;PEN;984280280;984280281;1;1;44248188;44248188;984280280;984280281;Ricardo Gareca;Juan Roman Riquelme;0e8400-e29b-41d4-a716-446655440000;0e8400-e29b-41d4-a716-446655440012;400;GEN_ALL_01;
145;Registrar operation con destinationDeviceId Caracteres especiales (Extraños) - resultado 400;0e8400-e29b-41d4-a716-446655440001;0e8400-e29b-41d4-a716-446655440002;100;20;1;Operación p2p en proceso;Pago por el almuerzo;0e8400-e29b-41d4-a716-446655440000;0e8400-e29b-41d4-a716-446655440000;1.23E+11;9.88E+11;0e8400-e29b-41d4-a716-446655440000;0e8400-e29b-41d4-a716-446655440000;0e8400-e29b-41d4-a716-446655440000;1;984280280;PEN;984280280;984280281;1;1;44248188;44248188;984280280;984280281;Ricardo Gareca;Juan Roman Riquelme;0e8400-e29b-41d4-a716-446655440000;0e8400-e29b-41d4-a716-446655440012;400;GEN_ALL_01;
146;Registrar operation con destinationDeviceId incorrecto - resultado 403;0e8400-e29b-41d4-a716-446655440001;0e8400-e29b-41d4-a716-446655440002;100;20;1;Operación p2p en proceso;Pago por el almuerzo;0e8400-e29b-41d4-a716-446655440000;0e8400-e29b-41d4-a716-446655440000;1.23E+11;9.88E+11;0e8400-e29b-41d4-a716-446655440000;0e8400-e29b-41d4-a716-446655440000;0e8400-e29b-41d4-a716-446655440000;1;984280280;PEN;984280280;984280281;1;1;44248188;44248188;984280280;984280281;Ricardo Gareca;Juan Roman Riquelme;0e8400-e29b-41d4-a716-446655440000;0e8400-e29b-41d4-a716-446655440012;400;GEN_ALL_01;
147;Registrar operation con error interno - resultado 500;0e8400-e29b-41d4-a716-446655440001;0e8400-e29b-41d4-a716-446655440002;100;20;1;Operación p2p en proceso;Pago por el almuerzo;0e8400-e29b-41d4-a716-446655440000;0e8400-e29b-41d4-a716-446655440000;1.23E+11;9.88E+11;0e8400-e29b-41d4-a716-446655440000;0e8400-e29b-41d4-a716-446655440000;0e8400-e29b-41d4-a716-446655440000;1;984280280;PEN;984280280;984280281;1;1;44248188;44248188;984280280;984280281;Ricardo Gareca;Juan Roman Riquelme;0e8400-e29b-41d4-a716-446655440000;0e8400-e29b-41d4-a716-446655440012;500;GEN_ALL_02;
